# name,description,productSource
Sonata Fashion Jewellery,Sonata Fashion Jewellery,MP000000000895672
Sonata Fashion Jewellery,Sonata Fashion Jewellery,MP000000000895673
Sonata Fashion Jewellery,Sonata Fashion Jewellery,MP000000000895674
Sonata Fashion Jewellery,Sonata Fashion Jewellery,MP000000000895675
Sonata Fashion Jewellery,Sonata Fashion Jewellery,MP000000000895676
Sonata Fashion Jewellery,Sonata Fashion Jewellery,MP000000000895677
Sonata Fashion Jewellery,Sonata Fashion Jewellery,MP000000000895678
Sonata Fashion Jewellery,Sonata Fashion Jewellery,MP000000000895679
Sonata Fashion Jewellery,Sonata Fashion Jewellery,MP000000000895670
Sonata Fashion Jewellery,Sonata Fashion Jewellery,MP000000000895680
Sonata Fashion Jewellery,Sonata Fashion Jewellery,MP000000000895681
Sonata Fashion Jewellery,Sonata Fashion Jewellery,MP000000000895682
Sonata Fashion Jewellery,Sonata Fashion Jewellery,MP000000000895683
Sonata Fashion Jewellery,Sonata Fashion Jewellery,MP000000000895684
Sonata Fashion Jewellery,Sonata Fashion Jewellery,MP000000000895685
Sonata Fashion Jewellery,Sonata Fashion Jewellery,MP000000000895686
Sonata Fashion Jewellery,Sonata Fashion Jewellery,MP000000000895687
Sonata Fashion Jewellery,Sonata Fashion Jewellery,MP000000000895688
Sonata Fashion Jewellery,Sonata Fashion Jewellery,MP000000000895689
Sonata Fashion Jewellery,Sonata Fashion Jewellery,MP000000000895690


Arsh Gold Pendent,Arsh Gold Pendent,MP000000000615772
Arsh Gold Pendent,Arsh Gold Pendent,MP000000000615773
Arsh Gold Pendent,Arsh Gold Pendent,MP000000000615774
Arsh Gold Pendent,Arsh Gold Pendent,MP000000000615775
Arsh Gold Pendent,Arsh Gold Pendent,MP000000000615776
Arsh Gold Pendent,Arsh Gold Pendent,MP000000000615777
Arsh Gold Pendent,Arsh Gold Pendent,MP000000000615778
Arsh Gold Pendent,Arsh Gold Pendent,MP000000000615779
Arsh Gold Pendent,Arsh Gold Pendent,MP000000000615781
Arsh Gold Pendent,Arsh Gold Pendent,MP000000000615782
Arsh Gold Pendent,Arsh Gold Pendent,MP000000000615783
Arsh Gold Pendent,Arsh Gold Pendent,MP000000000615784
Arsh Gold Pendent,Arsh Gold Pendent,MP000000000615785
Arsh Gold Pendent,Arsh Gold Pendent,MP000000000615786
Arsh Gold Pendent,Arsh Gold Pendent,MP000000000615787
Arsh Gold Pendent,Arsh Gold Pendent,MP000000000615788
Arsh Gold Pendent,Arsh Gold Pendent,MP000000000615789
Arsh Gold Pendent,Arsh Gold Pendent,MP000000000615790
Arsh Gold Pendent,Arsh Gold Pendent,MP000000000615791
Arsh Gold Pendent,Arsh Gold Pendent,MP000000000615792



Tanishqueen Fashion Jewellery,Tanishqueen Fashion Jewellery,MP000000000595772
Tanishqueen Fashion Jewellery,Tanishqueen Fashion Jewellery,MP000000000595773
Tanishqueen Fashion Jewellery,Tanishqueen Fashion Jewellery,MP000000000595774
Tanishqueen Fashion Jewellery,Tanishqueen Fashion Jewellery,MP000000000595775
Tanishqueen Fashion Jewellery,Tanishqueen Fashion Jewellery,MP000000000595776
Tanishqueen Fashion Jewellery,Tanishqueen Fashion Jewellery,MP000000000595777
Tanishqueen Fashion Jewellery,Tanishqueen Fashion Jewellery,MP000000000595778
Tanishqueen Fashion Jewellery,Tanishqueen Fashion Jewellery,MP000000000595779
Tanishqueen Fashion Jewellery,Tanishqueen Fashion Jewellery,MP000000000595770
Tanishqueen Fashion Jewellery,Tanishqueen Fashion Jewellery,MP000000000594771
