# Qualifier,MediaStatus,MediaFormat,Code,url,mediaType,mime,mediaPriority,Description
MP000000000077347_2,pcm_imageprocessingcompleted,1348Wx2000H,1348Wx2000H/MP000000000077347_2,http://pcmtmppprd.tataunistore.com/images/1348Wx2000H/MP000000000077286_1348Wx2000H_20161008142627.jpeg,Image,image/jpeg,2,2000X1348.jpeg
MP000000000077347_3,pcm_imageprocessingcompleted,113Wx168H,113Wx168H/MP000000000077347_3,http://pcmtmppprd.tataunistore.com/images/113Wx168H/MP000000000077286_113Wx168H_20161008142629.jpeg,Image,image/jpeg,3,168X113.jpeg
MP000000000077347_4,pcm_imageprocessingcompleted,437Wx649H,437Wx649H/MP000000000077347_4,http://pcmtmppprd.tataunistore.com/images/437Wx649H/MP000000000077286_437Wx649H_20161008142623.jpeg,Image,image/jpeg,4,649X437.jpeg
MP000000000077347_4,pcm_imageprocessingcompleted,252Wx374H,252Wx374H/MP000000000077347_4,http://pcmtmppprd.tataunistore.com/images/252Wx374H/MP000000000077286_252Wx374H_20161008142623.jpeg,Image,image/jpeg,4,374X252.jpeg
MP000000000077347_4,pcm_imageprocessingcompleted,97Wx144H,97Wx144H/MP000000000077347_4,http://pcmtmppprd.tataunistore.com/images/97Wx144H/MP000000000077286_97Wx144H_20161008142623.jpeg,Image,image/jpeg,4,144X97.jpeg
MP000000000077347_4,pcm_imageprocessingcompleted,113Wx168H,113Wx168H/MP000000000077347_4,http://pcmtmppprd.tataunistore.com/images/113Wx168H/MP000000000077286_113Wx168H_20161008142623.jpeg,Image,image/jpeg,4,168X113.jpeg
MP000000000077347_1,pcm_imageprocessingcompleted,1348Wx2000H,1348Wx2000H/MP000000000077347_1,http://pcmtmppprd.tataunistore.com/images/1348Wx2000H/MP000000000077286_1348Wx2000H_20161008142625.jpeg,Image,image/jpeg,1,2000X1348.jpeg
MP000000000077347_1,pcm_imageprocessingcompleted,437Wx649H,437Wx649H/MP000000000077347_1,http://pcmtmppprd.tataunistore.com/images/437Wx649H/MP000000000077286_437Wx649H_20161008142625.jpeg,Image,image/jpeg,1,649X437.jpeg
MP000000000077347_1,pcm_imageprocessingcompleted,252Wx374H,252Wx374H/MP000000000077347_1,http://pcmtmppprd.tataunistore.com/images/252Wx374H/MP000000000077286_252Wx374H_20161008142625.jpeg,Image,image/jpeg,1,374X252.jpeg
MP000000000077347_1,pcm_imageprocessingcompleted,97Wx144H,97Wx144H/MP000000000077347_1,http://pcmtmppprd.tataunistore.com/images/97Wx144H/MP000000000077286_97Wx144H_20161008142625.jpeg,Image,image/jpeg,1,144X97.jpeg
MP000000000077347_1,pcm_imageprocessingcompleted,113Wx168H,113Wx168H/MP000000000077347_1,http://pcmtmppprd.tataunistore.com/images/113Wx168H/MP000000000077286_113Wx168H_20161008142625.jpeg,Image,image/jpeg,1,168X113.jpeg
MP000000000077347_2,pcm_imageprocessingcompleted,437Wx649H,437Wx649H/MP000000000077347_2,http://pcmtmppprd.tataunistore.com/images/437Wx649H/MP000000000077286_437Wx649H_20161008142627.jpeg,Image,image/jpeg,2,649X437.jpeg
MP000000000077347_2,pcm_imageprocessingcompleted,252Wx374H,252Wx374H/MP000000000077347_2,http://pcmtmppprd.tataunistore.com/images/252Wx374H/MP000000000077286_252Wx374H_20161008142627.jpeg,Image,image/jpeg,2,374X252.jpeg
MP000000000077347_2,pcm_imageprocessingcompleted,97Wx144H,97Wx144H/MP000000000077347_2,http://pcmtmppprd.tataunistore.com/images/97Wx144H/MP000000000077286_97Wx144H_20161008142627.jpeg,Image,image/jpeg,2,144X97.jpeg
MP000000000077347_2,pcm_imageprocessingcompleted,113Wx168H,113Wx168H/MP000000000077347_2,http://pcmtmppprd.tataunistore.com/images/113Wx168H/MP000000000077286_113Wx168H_20161008142627.jpeg,Image,image/jpeg,2,168X113.jpeg
MP000000000077347_3,pcm_imageprocessingcompleted,1348Wx2000H,1348Wx2000H/MP000000000077347_3,http://pcmtmppprd.tataunistore.com/images/1348Wx2000H/MP000000000077286_1348Wx2000H_20161008142629.jpeg,Image,image/jpeg,3,2000X1348.jpeg
MP000000000077347_3,pcm_imageprocessingcompleted,437Wx649H,437Wx649H/MP000000000077347_3,http://pcmtmppprd.tataunistore.com/images/437Wx649H/MP000000000077286_437Wx649H_20161008142629.jpeg,Image,image/jpeg,3,649X437.jpeg
MP000000000077347_3,pcm_imageprocessingcompleted,252Wx374H,252Wx374H/MP000000000077347_3,http://pcmtmppprd.tataunistore.com/images/252Wx374H/MP000000000077286_252Wx374H_20161008142629.jpeg,Image,image/jpeg,3,374X252.jpeg
MP000000000077347_3,pcm_imageprocessingcompleted,97Wx144H,97Wx144H/MP000000000077347_3,http://pcmtmppprd.tataunistore.com/images/97Wx144H/MP000000000077286_97Wx144H_20161008142629.jpeg,Image,image/jpeg,3,144X97.jpeg
MP000000000077347_4,pcm_imageprocessingcompleted,1348Wx2000H,1348Wx2000H/MP000000000077347_4,http://pcmtmppprd.tataunistore.com/images/1348Wx2000H/MP000000000077286_1348Wx2000H_20161008142623.jpeg,Image,image/jpeg,4,2000X1348.jpeg
MP000000000077621_2,pcm_imageprocessingcompleted,252Wx374H,252Wx374H/MP000000000077621_2,http://pcmtmppprd.tataunistore.com/images/252Wx374H/MP000000000077574_252Wx374H_20161015165602.jpeg,Image,image/jpeg,2,374X252.jpeg
MP000000000077621_4,pcm_imageprocessingcompleted,437Wx649H,437Wx649H/MP000000000077621_4,http://pcmtmppprd.tataunistore.com/images/437Wx649H/MP000000000077574_437Wx649H_20161015165600.jpeg,Image,image/jpeg,4,649X437.jpeg
MP000000000077621_1,pcm_imageprocessingcompleted,97Wx144H,97Wx144H/MP000000000077621_1,http://pcmtmppprd.tataunistore.com/images/97Wx144H/MP000000000077574_97Wx144H_20161015165604.jpeg,Image,image/jpeg,1,144X97.jpeg
MP000000000077621_1,pcm_imageprocessingcompleted,437Wx649H,437Wx649H/MP000000000077621_1,http://pcmtmppprd.tataunistore.com/images/437Wx649H/MP000000000077574_437Wx649H_20161015165604.jpeg,Image,image/jpeg,1,649X437.jpeg
MP000000000077621_4,pcm_imageprocessingcompleted,1348Wx2000H,1348Wx2000H/MP000000000077621_4,http://pcmtmppprd.tataunistore.com/images/1348Wx2000H/MP000000000077574_1348Wx2000H_20161015165600.jpeg,Image,image/jpeg,4,2000X1348.jpeg
MP000000000077621_3,pcm_imageprocessingcompleted,97Wx144H,97Wx144H/MP000000000077621_3,http://pcmtmppprd.tataunistore.com/images/97Wx144H/MP000000000077574_97Wx144H_20161015165606.jpeg,Image,image/jpeg,3,144X97.jpeg
MP000000000077621_3,pcm_imageprocessingcompleted,113Wx168H,113Wx168H/MP000000000077621_3,http://pcmtmppprd.tataunistore.com/images/113Wx168H/MP000000000077574_113Wx168H_20161015165606.jpeg,Image,image/jpeg,3,168X113.jpeg
MP000000000077621_3,pcm_imageprocessingcompleted,252Wx374H,252Wx374H/MP000000000077621_3,http://pcmtmppprd.tataunistore.com/images/252Wx374H/MP000000000077574_252Wx374H_20161015165606.jpeg,Image,image/jpeg,3,374X252.jpeg
MP000000000077621_1,pcm_imageprocessingcompleted,113Wx168H,113Wx168H/MP000000000077621_1,http://pcmtmppprd.tataunistore.com/images/113Wx168H/MP000000000077574_113Wx168H_20161015165604.jpeg,Image,image/jpeg,1,168X113.jpeg
MP000000000077621_2,pcm_imageprocessingcompleted,113Wx168H,113Wx168H/MP000000000077621_2,http://pcmtmppprd.tataunistore.com/images/113Wx168H/MP000000000077574_113Wx168H_20161015165602.jpeg,Image,image/jpeg,2,168X113.jpeg
MP000000000077621_1,pcm_imageprocessingcompleted,252Wx374H,252Wx374H/MP000000000077621_1,http://pcmtmppprd.tataunistore.com/images/252Wx374H/MP000000000077574_252Wx374H_20161015165604.jpeg,Image,image/jpeg,1,374X252.jpeg
MP000000000077621_3,pcm_imageprocessingcompleted,437Wx649H,437Wx649H/MP000000000077621_3,http://pcmtmppprd.tataunistore.com/images/437Wx649H/MP000000000077574_437Wx649H_20161015165606.jpeg,Image,image/jpeg,3,649X437.jpeg
MP000000000077621_3,pcm_imageprocessingcompleted,1348Wx2000H,1348Wx2000H/MP000000000077621_3,http://pcmtmppprd.tataunistore.com/images/1348Wx2000H/MP000000000077574_1348Wx2000H_20161015165606.jpeg,Image,image/jpeg,3,2000X1348.jpeg
MP000000000077621_4,pcm_imageprocessingcompleted,252Wx374H,252Wx374H/MP000000000077621_4,http://pcmtmppprd.tataunistore.com/images/252Wx374H/MP000000000077574_252Wx374H_20161015165600.jpeg,Image,image/jpeg,4,374X252.jpeg
MP000000000077621_2,pcm_imageprocessingcompleted,437Wx649H,437Wx649H/MP000000000077621_2,http://pcmtmppprd.tataunistore.com/images/437Wx649H/MP000000000077574_437Wx649H_20161015165602.jpeg,Image,image/jpeg,2,649X437.jpeg
MP000000000077621_2,pcm_imageprocessingcompleted,1348Wx2000H,1348Wx2000H/MP000000000077621_2,http://pcmtmppprd.tataunistore.com/images/1348Wx2000H/MP000000000077574_1348Wx2000H_20161015165602.jpeg,Image,image/jpeg,2,2000X1348.jpeg
MP000000000077621_4,pcm_imageprocessingcompleted,113Wx168H,113Wx168H/MP000000000077621_4,http://pcmtmppprd.tataunistore.com/images/113Wx168H/MP000000000077574_113Wx168H_20161015165600.jpeg,Image,image/jpeg,4,168X113.jpeg
MP000000000077621_1,pcm_imageprocessingcompleted,1348Wx2000H,1348Wx2000H/MP000000000077621_1,http://pcmtmppprd.tataunistore.com/images/1348Wx2000H/MP000000000077574_1348Wx2000H_20161015165604.jpeg,Image,image/jpeg,1,2000X1348.jpeg
MP000000000077621_4,pcm_imageprocessingcompleted,97Wx144H,97Wx144H/MP000000000077621_4,http://pcmtmppprd.tataunistore.com/images/97Wx144H/MP000000000077574_97Wx144H_20161015165600.jpeg,Image,image/jpeg,4,144X97.jpeg
MP000000000077621_2,pcm_imageprocessingcompleted,97Wx144H,97Wx144H/MP000000000077621_2,http://pcmtmppprd.tataunistore.com/images/97Wx144H/MP000000000077574_97Wx144H_20161015165602.jpeg,Image,image/jpeg,2,144X97.jpeg
,pcm_imageprocessingcompleted,97Wx144H,MP000000000092834_v1.mp4,https://youtu.be/gnPZLI8Oze0,Video,application/octet-stream,1,https://youtu.be/gnPZLI8Oze0
MP000000000092834_1,pcm_imageprocessingcompleted,58Wx65H,58Wx65H/MP000000000092834_1,http://pcmtmppprd.tataunistore.com/images/58Wx65H/MP000000000092834_58Wx65H_20161029191139.jpeg,Image,image/jpeg,1,65X58.jpeg
MP000000000092834_1,pcm_imageprocessingcompleted,658Wx734H,658Wx734H/MP000000000092834_1,http://pcmtmppprd.tataunistore.com/images/658Wx734H/MP000000000092834_658Wx734H_20161029191139.jpeg,Image,image/jpeg,1,734X658.jpeg
MP000000000092900_1,pcm_imageprocessingcompleted,58Wx65H,58Wx65H/MP000000000092900_1,http://pcmtmppprd.tataunistore.com/images/58Wx65H/MP000000000092900_58Wx65H_20161029191420.jpeg,Image,image/jpeg,1,65X58.jpeg
MP000000000092900_1,pcm_imageprocessingcompleted,97Wx108H,97Wx108H/MP000000000092900_1,http://pcmtmppprd.tataunistore.com/images/97Wx108H/MP000000000092900_97Wx108H_20161029191420.jpeg,Image,image/jpeg,1,108X97.jpeg
MP000000000092900_1,pcm_imageprocessingcompleted,320Wx357H,320Wx357H/MP000000000092900_1,http://pcmtmppprd.tataunistore.com/images/320Wx357H/MP000000000092900_320Wx357H_20161029191420.jpeg,Image,image/jpeg,1,357X320.jpeg
MP000000000092900_1,pcm_imageprocessingcompleted,432Wx482H,432Wx482H/MP000000000092900_1,http://pcmtmppprd.tataunistore.com/images/432Wx482H/MP000000000092900_432Wx482H_20161029191420.jpeg,Image,image/jpeg,1,482X432.jpeg
MP000000000092900_1,pcm_imageprocessingcompleted,1316Wx1468H,1316Wx1468H/MP000000000092900_1,http://pcmtmppprd.tataunistore.com/images/1316Wx1468H/MP000000000092900_1316Wx1468H_20161029191420.jpeg,Image,image/jpeg,1,1468X1316.jpeg
MP000000000092834_1,pcm_imageprocessingcompleted,97Wx108H,97Wx108H/MP000000000092834_1,http://pcmtmppprd.tataunistore.com/images/97Wx108H/MP000000000092834_97Wx108H_20161029191139.jpeg,Image,image/jpeg,1,108X97.jpeg
MP000000000092834_1,pcm_imageprocessingcompleted,320Wx357H,320Wx357H/MP000000000092834_1,http://pcmtmppprd.tataunistore.com/images/320Wx357H/MP000000000092834_320Wx357H_20161029191139.jpeg,Image,image/jpeg,1,357X320.jpeg
MP000000000092834_1,pcm_imageprocessingcompleted,432Wx482H,432Wx482H/MP000000000092834_1,http://pcmtmppprd.tataunistore.com/images/432Wx482H/MP000000000092834_432Wx482H_20161029191139.jpeg,Image,image/jpeg,1,482X432.jpeg
MP000000000092834_1,pcm_imageprocessingcompleted,1316Wx1468H,1316Wx1468H/MP000000000092834_1,http://pcmtmppprd.tataunistore.com/images/1316Wx1468H/MP000000000092834_1316Wx1468H_20161029191139.jpeg,Image,image/jpeg,1,1468X1316.jpeg
MP000000000092911_1,pcm_imageprocessingcompleted,58Wx65H,58Wx65H/MP000000000092911_1,http://pcmtmppprd.tataunistore.com/images/58Wx65H/MP000000000092911_58Wx65H_20161029191440.jpeg,Image,image/jpeg,1,65X58.jpeg
MP000000000092911_1,pcm_imageprocessingcompleted,432Wx482H,432Wx482H/MP000000000092911_1,http://pcmtmppprd.tataunistore.com/images/432Wx482H/MP000000000092911_432Wx482H_20161029191440.jpeg,Image,image/jpeg,1,482X432.jpeg
MP000000000092911_1,pcm_imageprocessingcompleted,658Wx734H,658Wx734H/MP000000000092911_1,http://pcmtmppprd.tataunistore.com/images/658Wx734H/MP000000000092911_658Wx734H_20161029191440.jpeg,Image,image/jpeg,1,734X658.jpeg
MP000000000092911_1,pcm_imageprocessingcompleted,1316Wx1468H,1316Wx1468H/MP000000000092911_1,http://pcmtmppprd.tataunistore.com/images/1316Wx1468H/MP000000000092911_1316Wx1468H_20161029191440.jpeg,Image,image/jpeg,1,1468X1316.jpeg
MP000000000092900_1,pcm_imageprocessingcompleted,658Wx734H,658Wx734H/MP000000000092900_1,http://pcmtmppprd.tataunistore.com/images/658Wx734H/MP000000000092900_658Wx734H_20161029191420.jpeg,Image,image/jpeg,1,734X658.jpeg
MP000000000092911_1,pcm_imageprocessingcompleted,97Wx108H,97Wx108H/MP000000000092911_1,http://pcmtmppprd.tataunistore.com/images/97Wx108H/MP000000000092911_97Wx108H_20161029191440.jpeg,Image,image/jpeg,1,108X97.jpeg
MP000000000092911_1,pcm_imageprocessingcompleted,320Wx357H,320Wx357H/MP000000000092911_1,http://pcmtmppprd.tataunistore.com/images/320Wx357H/MP000000000092911_320Wx357H_20161029191440.jpeg,Image,image/jpeg,1,357X320.jpeg
MP000000000101827_3,pcm_imageprocessingcompleted,658Wx734H,658Wx734H/MP000000000101827_3,http://pcmtmppprd.tataunistore.com/images/658Wx734H/MP000000000101809_658Wx734H_20161101150527.jpeg,Image,image/jpeg,3,734X658.jpeg
MP000000000101827_2,pcm_imageprocessingcompleted,658Wx734H,658Wx734H/MP000000000101827_2,http://pcmtmppprd.tataunistore.com/images/658Wx734H/MP000000000101809_658Wx734H_20161101150525.jpeg,Image,image/jpeg,2,734X658.jpeg
MP000000000101827_1,pcm_imageprocessingcompleted,97Wx108H,97Wx108H/MP000000000101827_1,http://pcmtmppprd.tataunistore.com/images/97Wx108H/MP000000000101809_97Wx108H_20161101150533.jpeg,Image,image/jpeg,1,108X97.jpeg
MP000000000101827_1,pcm_imageprocessingcompleted,320Wx357H,320Wx357H/MP000000000101827_1,http://pcmtmppprd.tataunistore.com/images/320Wx357H/MP000000000101809_320Wx357H_20161101150533.jpeg,Image,image/jpeg,1,357X320.jpeg
MP000000000101827_1,pcm_imageprocessingcompleted,432Wx482H,432Wx482H/MP000000000101827_1,http://pcmtmppprd.tataunistore.com/images/432Wx482H/MP000000000101809_432Wx482H_20161101150533.jpeg,Image,image/jpeg,1,482X432.jpeg
MP000000000101827_1,pcm_imageprocessingcompleted,658Wx734H,658Wx734H/MP000000000101827_1,http://pcmtmppprd.tataunistore.com/images/658Wx734H/MP000000000101809_658Wx734H_20161101150533.jpeg,Image,image/jpeg,1,734X658.jpeg
MP000000000101827_1,pcm_imageprocessingcompleted,1316Wx1468H,1316Wx1468H/MP000000000101827_1,http://pcmtmppprd.tataunistore.com/images/1316Wx1468H/MP000000000101809_1316Wx1468H_20161101150533.jpeg,Image,image/jpeg,1,1468X1316.jpeg
MP000000000101827_3,pcm_imageprocessingcompleted,320Wx357H,320Wx357H/MP000000000101827_3,http://pcmtmppprd.tataunistore.com/images/320Wx357H/MP000000000101809_320Wx357H_20161101150527.jpeg,Image,image/jpeg,3,357X320.jpeg
MP000000000101827_3,pcm_imageprocessingcompleted,432Wx482H,432Wx482H/MP000000000101827_3,http://pcmtmppprd.tataunistore.com/images/432Wx482H/MP000000000101809_432Wx482H_20161101150527.jpeg,Image,image/jpeg,3,482X432.jpeg
MP000000000101827_3,pcm_imageprocessingcompleted,1316Wx1468H,1316Wx1468H/MP000000000101827_3,http://pcmtmppprd.tataunistore.com/images/1316Wx1468H/MP000000000101809_1316Wx1468H_20161101150527.jpeg,Image,image/jpeg,3,1468X1316.jpeg
MP000000000101827_4,pcm_imageprocessingcompleted,58Wx65H,58Wx65H/MP000000000101827_4,http://pcmtmppprd.tataunistore.com/images/58Wx65H/MP000000000101809_58Wx65H_20161101150530.jpeg,Image,image/jpeg,4,65X58.jpeg
MP000000000101827_4,pcm_imageprocessingcompleted,97Wx108H,97Wx108H/MP000000000101827_4,http://pcmtmppprd.tataunistore.com/images/97Wx108H/MP000000000101809_97Wx108H_20161101150530.jpeg,Image,image/jpeg,4,108X97.jpeg
MP000000000101827_4,pcm_imageprocessingcompleted,320Wx357H,320Wx357H/MP000000000101827_4,http://pcmtmppprd.tataunistore.com/images/320Wx357H/MP000000000101809_320Wx357H_20161101150530.jpeg,Image,image/jpeg,4,357X320.jpeg
MP000000000101827_4,pcm_imageprocessingcompleted,432Wx482H,432Wx482H/MP000000000101827_4,http://pcmtmppprd.tataunistore.com/images/432Wx482H/MP000000000101809_432Wx482H_20161101150530.jpeg,Image,image/jpeg,4,482X432.jpeg
MP000000000101827_4,pcm_imageprocessingcompleted,658Wx734H,658Wx734H/MP000000000101827_4,http://pcmtmppprd.tataunistore.com/images/658Wx734H/MP000000000101809_658Wx734H_20161101150530.jpeg,Image,image/jpeg,4,734X658.jpeg
MP000000000101827_4,pcm_imageprocessingcompleted,1316Wx1468H,1316Wx1468H/MP000000000101827_4,http://pcmtmppprd.tataunistore.com/images/1316Wx1468H/MP000000000101809_1316Wx1468H_20161101150530.jpeg,Image,image/jpeg,4,1468X1316.jpeg
MP000000000101827_2,pcm_imageprocessingcompleted,58Wx65H,58Wx65H/MP000000000101827_2,http://pcmtmppprd.tataunistore.com/images/58Wx65H/MP000000000101809_58Wx65H_20161101150525.jpeg,Image,image/jpeg,2,65X58.jpeg
MP000000000101827_2,pcm_imageprocessingcompleted,97Wx108H,97Wx108H/MP000000000101827_2,http://pcmtmppprd.tataunistore.com/images/97Wx108H/MP000000000101809_97Wx108H_20161101150525.jpeg,Image,image/jpeg,2,108X97.jpeg
MP000000000101827_2,pcm_imageprocessingcompleted,320Wx357H,320Wx357H/MP000000000101827_2,http://pcmtmppprd.tataunistore.com/images/320Wx357H/MP000000000101809_320Wx357H_20161101150525.jpeg,Image,image/jpeg,2,357X320.jpeg
MP000000000101827_2,pcm_imageprocessingcompleted,1316Wx1468H,1316Wx1468H/MP000000000101827_2,http://pcmtmppprd.tataunistore.com/images/1316Wx1468H/MP000000000101809_1316Wx1468H_20161101150525.jpeg,Image,image/jpeg,2,1468X1316.jpeg
MP000000000101827_3,pcm_imageprocessingcompleted,58Wx65H,58Wx65H/MP000000000101827_3,http://pcmtmppprd.tataunistore.com/images/58Wx65H/MP000000000101809_58Wx65H_20161101150527.jpeg,Image,image/jpeg,3,65X58.jpeg
MP000000000101827_3,pcm_imageprocessingcompleted,97Wx108H,97Wx108H/MP000000000101827_3,http://pcmtmppprd.tataunistore.com/images/97Wx108H/MP000000000101809_97Wx108H_20161101150527.jpeg,Image,image/jpeg,3,108X97.jpeg
MP000000000101827_2,pcm_imageprocessingcompleted,432Wx482H,432Wx482H/MP000000000101827_2,http://pcmtmppprd.tataunistore.com/images/432Wx482H/MP000000000101809_432Wx482H_20161101150525.jpeg,Image,image/jpeg,2,482X432.jpeg
MP000000000101827_1,pcm_imageprocessingcompleted,58Wx65H,58Wx65H/MP000000000101827_1,http://pcmtmppprd.tataunistore.com/images/58Wx65H/MP000000000101809_58Wx65H_20161101150533.jpeg,Image,image/jpeg,1,65X58.jpeg
,pcm_failure,,298782_SANTY45681_fa4.jpeg,,Image,application/octet-stream,,
MP000000000128167_1,pcm_imageprocessingcompleted,1348Wx2000H,1348Wx2000H/MP000000000128167_1,http://pcmtmppprd.tataunistore.com/images/1348Wx2000H/MP000000000128167_1348Wx2000H_20161117173433.jpeg,Image,image/jpeg,1,2000X1348.jpeg
MP000000000128167_1,pcm_imageprocessingcompleted,113Wx168H,113Wx168H/MP000000000128167_1,http://pcmtmppprd.tataunistore.com/images/113Wx168H/MP000000000128167_113Wx168H_20161117173433.jpeg,Image,image/jpeg,1,168X113.jpeg
MP000000000128167_1,pcm_imageprocessingcompleted,252Wx374H,252Wx374H/MP000000000128167_1,http://pcmtmppprd.tataunistore.com/images/252Wx374H/MP000000000128167_252Wx374H_20161117173433.jpeg,Image,image/jpeg,1,374X252.jpeg
MP000000000128167_1,pcm_imageprocessingcompleted,97Wx144H,97Wx144H/MP000000000128167_1,http://pcmtmppprd.tataunistore.com/images/97Wx144H/MP000000000128167_97Wx144H_20161117173433.jpeg,Image,image/jpeg,1,144X97.jpeg
MP000000000128167_1,pcm_imageprocessingcompleted,437Wx649H,437Wx649H/MP000000000128167_1,http://pcmtmppprd.tataunistore.com/images/437Wx649H/MP000000000128167_437Wx649H_20161117173433.jpeg,Image,image/jpeg,1,649X437.jpeg
MP000000000128234_4,pcm_imageprocessingcompleted,58Wx65H,58Wx65H/MP000000000128234_4,http://pcmtmppprd.tataunistore.com/images/58Wx65H/MP000000000128234_58Wx65H_20161117182632.jpeg,Image,image/jpeg,4,65X58.jpeg
MP000000000128234_4,pcm_imageprocessingcompleted,97Wx108H,97Wx108H/MP000000000128234_4,http://pcmtmppprd.tataunistore.com/images/97Wx108H/MP000000000128234_97Wx108H_20161117182632.jpeg,Image,image/jpeg,4,108X97.jpeg
MP000000000128234_4,pcm_imageprocessingcompleted,320Wx357H,320Wx357H/MP000000000128234_4,http://pcmtmppprd.tataunistore.com/images/320Wx357H/MP000000000128234_320Wx357H_20161117182632.jpeg,Image,image/jpeg,4,357X320.jpeg
MP000000000128234_2,pcm_imageprocessingcompleted,58Wx65H,58Wx65H/MP000000000128234_2,http://pcmtmppprd.tataunistore.com/images/58Wx65H/MP000000000128234_58Wx65H_20161117182637.jpeg,Image,image/jpeg,2,65X58.jpeg
MP000000000128234_2,pcm_imageprocessingcompleted,97Wx108H,97Wx108H/MP000000000128234_2,http://pcmtmppprd.tataunistore.com/images/97Wx108H/MP000000000128234_97Wx108H_20161117182637.jpeg,Image,image/jpeg,2,108X97.jpeg
MP000000000128234_2,pcm_imageprocessingcompleted,320Wx357H,320Wx357H/MP000000000128234_2,http://pcmtmppprd.tataunistore.com/images/320Wx357H/MP000000000128234_320Wx357H_20161117182637.jpeg,Image,image/jpeg,2,357X320.jpeg
MP000000000128234_2,pcm_imageprocessingcompleted,432Wx482H,432Wx482H/MP000000000128234_2,http://pcmtmppprd.tataunistore.com/images/432Wx482H/MP000000000128234_432Wx482H_20161117182637.jpeg,Image,image/jpeg,2,482X432.jpeg
MP000000000128234_2,pcm_imageprocessingcompleted,658Wx734H,658Wx734H/MP000000000128234_2,http://pcmtmppprd.tataunistore.com/images/658Wx734H/MP000000000128234_658Wx734H_20161117182637.jpeg,Image,image/jpeg,2,734X658.jpeg
MP000000000128234_2,pcm_imageprocessingcompleted,1316Wx1468H,1316Wx1468H/MP000000000128234_2,http://pcmtmppprd.tataunistore.com/images/1316Wx1468H/MP000000000128234_1316Wx1468H_20161117182637.jpeg,Image,image/jpeg,2,1468X1316.jpeg
MP000000000128234_1,pcm_imageprocessingcompleted,58Wx65H,58Wx65H/MP000000000128234_1,http://pcmtmppprd.tataunistore.com/images/58Wx65H/MP000000000128234_58Wx65H_20161117182641.jpeg,Image,image/jpeg,1,65X58.jpeg
MP000000000128234_1,pcm_imageprocessingcompleted,97Wx108H,97Wx108H/MP000000000128234_1,http://pcmtmppprd.tataunistore.com/images/97Wx108H/MP000000000128234_97Wx108H_20161117182641.jpeg,Image,image/jpeg,1,108X97.jpeg
MP000000000128234_1,pcm_imageprocessingcompleted,320Wx357H,320Wx357H/MP000000000128234_1,http://pcmtmppprd.tataunistore.com/images/320Wx357H/MP000000000128234_320Wx357H_20161117182641.jpeg,Image,image/jpeg,1,357X320.jpeg
MP000000000128234_1,pcm_imageprocessingcompleted,432Wx482H,432Wx482H/MP000000000128234_1,http://pcmtmppprd.tataunistore.com/images/432Wx482H/MP000000000128234_432Wx482H_20161117182641.jpeg,Image,image/jpeg,1,482X432.jpeg
MP000000000128234_1,pcm_imageprocessingcompleted,658Wx734H,658Wx734H/MP000000000128234_1,http://pcmtmppprd.tataunistore.com/images/658Wx734H/MP000000000128234_658Wx734H_20161117182641.jpeg,Image,image/jpeg,1,734X658.jpeg
MP000000000128234_3,pcm_imageprocessingcompleted,320Wx357H,320Wx357H/MP000000000128234_3,http://pcmtmppprd.tataunistore.com/images/320Wx357H/MP000000000128234_320Wx357H_20161117182644.jpeg,Image,image/jpeg,3,357X320.jpeg
MP000000000128234_3,pcm_imageprocessingcompleted,432Wx482H,432Wx482H/MP000000000128234_3,http://pcmtmppprd.tataunistore.com/images/432Wx482H/MP000000000128234_432Wx482H_20161117182644.jpeg,Image,image/jpeg,3,482X432.jpeg
MP000000000128234_3,pcm_imageprocessingcompleted,1316Wx1468H,1316Wx1468H/MP000000000128234_3,http://pcmtmppprd.tataunistore.com/images/1316Wx1468H/MP000000000128234_1316Wx1468H_20161117182644.jpeg,Image,image/jpeg,3,1468X1316.jpeg
MP000000000128234_3,pcm_imageprocessingcompleted,58Wx65H,58Wx65H/MP000000000128234_3,http://pcmtmppprd.tataunistore.com/images/58Wx65H/MP000000000128234_58Wx65H_20161117182644.jpeg,Image,image/jpeg,3,65X58.jpeg
MP000000000128234_3,pcm_imageprocessingcompleted,97Wx108H,97Wx108H/MP000000000128234_3,http://pcmtmppprd.tataunistore.com/images/97Wx108H/MP000000000128234_97Wx108H_20161117182644.jpeg,Image,image/jpeg,3,108X97.jpeg
MP000000000128234_4,pcm_imageprocessingcompleted,432Wx482H,432Wx482H/MP000000000128234_4,http://pcmtmppprd.tataunistore.com/images/432Wx482H/MP000000000128234_432Wx482H_20161117182632.jpeg,Image,image/jpeg,4,482X432.jpeg
MP000000000128234_4,pcm_imageprocessingcompleted,658Wx734H,658Wx734H/MP000000000128234_4,http://pcmtmppprd.tataunistore.com/images/658Wx734H/MP000000000128234_658Wx734H_20161117182632.jpeg,Image,image/jpeg,4,734X658.jpeg
MP000000000128234_4,pcm_imageprocessingcompleted,1316Wx1468H,1316Wx1468H/MP000000000128234_4,http://pcmtmppprd.tataunistore.com/images/1316Wx1468H/MP000000000128234_1316Wx1468H_20161117182632.jpeg,Image,image/jpeg,4,1468X1316.jpeg
MP000000000128234_1,pcm_imageprocessingcompleted,1316Wx1468H,1316Wx1468H/MP000000000128234_1,http://pcmtmppprd.tataunistore.com/images/1316Wx1468H/MP000000000128234_1316Wx1468H_20161117182641.jpeg,Image,image/jpeg,1,1468X1316.jpeg
MP000000000128234_3,pcm_imageprocessingcompleted,658Wx734H,658Wx734H/MP000000000128234_3,http://pcmtmppprd.tataunistore.com/images/658Wx734H/MP000000000128234_658Wx734H_20161117182644.jpeg,Image,image/jpeg,3,734X658.jpeg
MP000000000128241_2,pcm_imageprocessingcompleted,658Wx734H,658Wx734H/MP000000000128241_2,http://pcmtmppprd.tataunistore.com/images/658Wx734H/MP000000000128234_658Wx734H_20161117182637.jpeg,Image,image/jpeg,2,734X658.jpeg
MP000000000128241_3,pcm_imageprocessingcompleted,1316Wx1468H,1316Wx1468H/MP000000000128241_3,http://pcmtmppprd.tataunistore.com/images/1316Wx1468H/MP000000000128234_1316Wx1468H_20161117182644.jpeg,Image,image/jpeg,3,1468X1316.jpeg
MP000000000128241_1,pcm_imageprocessingcompleted,58Wx65H,58Wx65H/MP000000000128241_1,http://pcmtmppprd.tataunistore.com/images/58Wx65H/MP000000000128234_58Wx65H_20161117182641.jpeg,Image,image/jpeg,1,65X58.jpeg
MP000000000128241_1,pcm_imageprocessingcompleted,97Wx108H,97Wx108H/MP000000000128241_1,http://pcmtmppprd.tataunistore.com/images/97Wx108H/MP000000000128234_97Wx108H_20161117182641.jpeg,Image,image/jpeg,1,108X97.jpeg
MP000000000128241_1,pcm_imageprocessingcompleted,320Wx357H,320Wx357H/MP000000000128241_1,http://pcmtmppprd.tataunistore.com/images/320Wx357H/MP000000000128234_320Wx357H_20161117182641.jpeg,Image,image/jpeg,1,357X320.jpeg
MP000000000128241_1,pcm_imageprocessingcompleted,432Wx482H,432Wx482H/MP000000000128241_1,http://pcmtmppprd.tataunistore.com/images/432Wx482H/MP000000000128234_432Wx482H_20161117182641.jpeg,Image,image/jpeg,1,482X432.jpeg
MP000000000128241_1,pcm_imageprocessingcompleted,658Wx734H,658Wx734H/MP000000000128241_1,http://pcmtmppprd.tataunistore.com/images/658Wx734H/MP000000000128234_658Wx734H_20161117182641.jpeg,Image,image/jpeg,1,734X658.jpeg
MP000000000128241_3,pcm_imageprocessingcompleted,320Wx357H,320Wx357H/MP000000000128241_3,http://pcmtmppprd.tataunistore.com/images/320Wx357H/MP000000000128234_320Wx357H_20161117182644.jpeg,Image,image/jpeg,3,357X320.jpeg
MP000000000128241_3,pcm_imageprocessingcompleted,432Wx482H,432Wx482H/MP000000000128241_3,http://pcmtmppprd.tataunistore.com/images/432Wx482H/MP000000000128234_432Wx482H_20161117182644.jpeg,Image,image/jpeg,3,482X432.jpeg
MP000000000128241_3,pcm_imageprocessingcompleted,58Wx65H,58Wx65H/MP000000000128241_3,http://pcmtmppprd.tataunistore.com/images/58Wx65H/MP000000000128234_58Wx65H_20161117182644.jpeg,Image,image/jpeg,3,65X58.jpeg
MP000000000128241_3,pcm_imageprocessingcompleted,97Wx108H,97Wx108H/MP000000000128241_3,http://pcmtmppprd.tataunistore.com/images/97Wx108H/MP000000000128234_97Wx108H_20161117182644.jpeg,Image,image/jpeg,3,108X97.jpeg
MP000000000128241_4,pcm_imageprocessingcompleted,432Wx482H,432Wx482H/MP000000000128241_4,http://pcmtmppprd.tataunistore.com/images/432Wx482H/MP000000000128234_432Wx482H_20161117182632.jpeg,Image,image/jpeg,4,482X432.jpeg
MP000000000128241_4,pcm_imageprocessingcompleted,658Wx734H,658Wx734H/MP000000000128241_4,http://pcmtmppprd.tataunistore.com/images/658Wx734H/MP000000000128234_658Wx734H_20161117182632.jpeg,Image,image/jpeg,4,734X658.jpeg
MP000000000128241_4,pcm_imageprocessingcompleted,1316Wx1468H,1316Wx1468H/MP000000000128241_4,http://pcmtmppprd.tataunistore.com/images/1316Wx1468H/MP000000000128234_1316Wx1468H_20161117182632.jpeg,Image,image/jpeg,4,1468X1316.jpeg
MP000000000128241_1,pcm_imageprocessingcompleted,1316Wx1468H,1316Wx1468H/MP000000000128241_1,http://pcmtmppprd.tataunistore.com/images/1316Wx1468H/MP000000000128234_1316Wx1468H_20161117182641.jpeg,Image,image/jpeg,1,1468X1316.jpeg
MP000000000128241_3,pcm_imageprocessingcompleted,658Wx734H,658Wx734H/MP000000000128241_3,http://pcmtmppprd.tataunistore.com/images/658Wx734H/MP000000000128234_658Wx734H_20161117182644.jpeg,Image,image/jpeg,3,734X658.jpeg
MP000000000128241_4,pcm_imageprocessingcompleted,58Wx65H,58Wx65H/MP000000000128241_4,http://pcmtmppprd.tataunistore.com/images/58Wx65H/MP000000000128234_58Wx65H_20161117182632.jpeg,Image,image/jpeg,4,65X58.jpeg
MP000000000128241_4,pcm_imageprocessingcompleted,97Wx108H,97Wx108H/MP000000000128241_4,http://pcmtmppprd.tataunistore.com/images/97Wx108H/MP000000000128234_97Wx108H_20161117182632.jpeg,Image,image/jpeg,4,108X97.jpeg
MP000000000128241_4,pcm_imageprocessingcompleted,320Wx357H,320Wx357H/MP000000000128241_4,http://pcmtmppprd.tataunistore.com/images/320Wx357H/MP000000000128234_320Wx357H_20161117182632.jpeg,Image,image/jpeg,4,357X320.jpeg
MP000000000128241_2,pcm_imageprocessingcompleted,58Wx65H,58Wx65H/MP000000000128241_2,http://pcmtmppprd.tataunistore.com/images/58Wx65H/MP000000000128234_58Wx65H_20161117182637.jpeg,Image,image/jpeg,2,65X58.jpeg
MP000000000128241_2,pcm_imageprocessingcompleted,97Wx108H,97Wx108H/MP000000000128241_2,http://pcmtmppprd.tataunistore.com/images/97Wx108H/MP000000000128234_97Wx108H_20161117182637.jpeg,Image,image/jpeg,2,108X97.jpeg
MP000000000128241_2,pcm_imageprocessingcompleted,320Wx357H,320Wx357H/MP000000000128241_2,http://pcmtmppprd.tataunistore.com/images/320Wx357H/MP000000000128234_320Wx357H_20161117182637.jpeg,Image,image/jpeg,2,357X320.jpeg
MP000000000128241_2,pcm_imageprocessingcompleted,432Wx482H,432Wx482H/MP000000000128241_2,http://pcmtmppprd.tataunistore.com/images/432Wx482H/MP000000000128234_432Wx482H_20161117182637.jpeg,Image,image/jpeg,2,482X432.jpeg
MP000000000128241_2,pcm_imageprocessingcompleted,1316Wx1468H,1316Wx1468H/MP000000000128241_2,http://pcmtmppprd.tataunistore.com/images/1316Wx1468H/MP000000000128234_1316Wx1468H_20161117182637.jpeg,Image,image/jpeg,2,1468X1316.jpeg
MP000000000128238_2,pcm_imageprocessingcompleted,658Wx734H,658Wx734H/MP000000000128238_2,http://pcmtmppprd.tataunistore.com/images/658Wx734H/MP000000000128234_658Wx734H_20161117182637.jpeg,Image,image/jpeg,2,734X658.jpeg
MP000000000128238_2,pcm_imageprocessingcompleted,1316Wx1468H,1316Wx1468H/MP000000000128238_2,http://pcmtmppprd.tataunistore.com/images/1316Wx1468H/MP000000000128234_1316Wx1468H_20161117182637.jpeg,Image,image/jpeg,2,1468X1316.jpeg
MP000000000128238_1,pcm_imageprocessingcompleted,58Wx65H,58Wx65H/MP000000000128238_1,http://pcmtmppprd.tataunistore.com/images/58Wx65H/MP000000000128234_58Wx65H_20161117182641.jpeg,Image,image/jpeg,1,65X58.jpeg
MP000000000128238_1,pcm_imageprocessingcompleted,97Wx108H,97Wx108H/MP000000000128238_1,http://pcmtmppprd.tataunistore.com/images/97Wx108H/MP000000000128234_97Wx108H_20161117182641.jpeg,Image,image/jpeg,1,108X97.jpeg
MP000000000128238_1,pcm_imageprocessingcompleted,320Wx357H,320Wx357H/MP000000000128238_1,http://pcmtmppprd.tataunistore.com/images/320Wx357H/MP000000000128234_320Wx357H_20161117182641.jpeg,Image,image/jpeg,1,357X320.jpeg
MP000000000128238_1,pcm_imageprocessingcompleted,432Wx482H,432Wx482H/MP000000000128238_1,http://pcmtmppprd.tataunistore.com/images/432Wx482H/MP000000000128234_432Wx482H_20161117182641.jpeg,Image,image/jpeg,1,482X432.jpeg
MP000000000128238_1,pcm_imageprocessingcompleted,658Wx734H,658Wx734H/MP000000000128238_1,http://pcmtmppprd.tataunistore.com/images/658Wx734H/MP000000000128234_658Wx734H_20161117182641.jpeg,Image,image/jpeg,1,734X658.jpeg
MP000000000128238_3,pcm_imageprocessingcompleted,320Wx357H,320Wx357H/MP000000000128238_3,http://pcmtmppprd.tataunistore.com/images/320Wx357H/MP000000000128234_320Wx357H_20161117182644.jpeg,Image,image/jpeg,3,357X320.jpeg
MP000000000128238_3,pcm_imageprocessingcompleted,432Wx482H,432Wx482H/MP000000000128238_3,http://pcmtmppprd.tataunistore.com/images/432Wx482H/MP000000000128234_432Wx482H_20161117182644.jpeg,Image,image/jpeg,3,482X432.jpeg
MP000000000128238_3,pcm_imageprocessingcompleted,1316Wx1468H,1316Wx1468H/MP000000000128238_3,http://pcmtmppprd.tataunistore.com/images/1316Wx1468H/MP000000000128234_1316Wx1468H_20161117182644.jpeg,Image,image/jpeg,3,1468X1316.jpeg
MP000000000128238_3,pcm_imageprocessingcompleted,58Wx65H,58Wx65H/MP000000000128238_3,http://pcmtmppprd.tataunistore.com/images/58Wx65H/MP000000000128234_58Wx65H_20161117182644.jpeg,Image,image/jpeg,3,65X58.jpeg
MP000000000128238_3,pcm_imageprocessingcompleted,97Wx108H,97Wx108H/MP000000000128238_3,http://pcmtmppprd.tataunistore.com/images/97Wx108H/MP000000000128234_97Wx108H_20161117182644.jpeg,Image,image/jpeg,3,108X97.jpeg
MP000000000128238_4,pcm_imageprocessingcompleted,432Wx482H,432Wx482H/MP000000000128238_4,http://pcmtmppprd.tataunistore.com/images/432Wx482H/MP000000000128234_432Wx482H_20161117182632.jpeg,Image,image/jpeg,4,482X432.jpeg
MP000000000128238_4,pcm_imageprocessingcompleted,658Wx734H,658Wx734H/MP000000000128238_4,http://pcmtmppprd.tataunistore.com/images/658Wx734H/MP000000000128234_658Wx734H_20161117182632.jpeg,Image,image/jpeg,4,734X658.jpeg
MP000000000128238_4,pcm_imageprocessingcompleted,1316Wx1468H,1316Wx1468H/MP000000000128238_4,http://pcmtmppprd.tataunistore.com/images/1316Wx1468H/MP000000000128234_1316Wx1468H_20161117182632.jpeg,Image,image/jpeg,4,1468X1316.jpeg
MP000000000128238_1,pcm_imageprocessingcompleted,1316Wx1468H,1316Wx1468H/MP000000000128238_1,http://pcmtmppprd.tataunistore.com/images/1316Wx1468H/MP000000000128234_1316Wx1468H_20161117182641.jpeg,Image,image/jpeg,1,1468X1316.jpeg
MP000000000128238_3,pcm_imageprocessingcompleted,658Wx734H,658Wx734H/MP000000000128238_3,http://pcmtmppprd.tataunistore.com/images/658Wx734H/MP000000000128234_658Wx734H_20161117182644.jpeg,Image,image/jpeg,3,734X658.jpeg
MP000000000128238_4,pcm_imageprocessingcompleted,58Wx65H,58Wx65H/MP000000000128238_4,http://pcmtmppprd.tataunistore.com/images/58Wx65H/MP000000000128234_58Wx65H_20161117182632.jpeg,Image,image/jpeg,4,65X58.jpeg
MP000000000128238_4,pcm_imageprocessingcompleted,97Wx108H,97Wx108H/MP000000000128238_4,http://pcmtmppprd.tataunistore.com/images/97Wx108H/MP000000000128234_97Wx108H_20161117182632.jpeg,Image,image/jpeg,4,108X97.jpeg
MP000000000128238_4,pcm_imageprocessingcompleted,320Wx357H,320Wx357H/MP000000000128238_4,http://pcmtmppprd.tataunistore.com/images/320Wx357H/MP000000000128234_320Wx357H_20161117182632.jpeg,Image,image/jpeg,4,357X320.jpeg
MP000000000128238_2,pcm_imageprocessingcompleted,58Wx65H,58Wx65H/MP000000000128238_2,http://pcmtmppprd.tataunistore.com/images/58Wx65H/MP000000000128234_58Wx65H_20161117182637.jpeg,Image,image/jpeg,2,65X58.jpeg
MP000000000128238_2,pcm_imageprocessingcompleted,97Wx108H,97Wx108H/MP000000000128238_2,http://pcmtmppprd.tataunistore.com/images/97Wx108H/MP000000000128234_97Wx108H_20161117182637.jpeg,Image,image/jpeg,2,108X97.jpeg
MP000000000128238_2,pcm_imageprocessingcompleted,320Wx357H,320Wx357H/MP000000000128238_2,http://pcmtmppprd.tataunistore.com/images/320Wx357H/MP000000000128234_320Wx357H_20161117182637.jpeg,Image,image/jpeg,2,357X320.jpeg
MP000000000128238_2,pcm_imageprocessingcompleted,432Wx482H,432Wx482H/MP000000000128238_2,http://pcmtmppprd.tataunistore.com/images/432Wx482H/MP000000000128234_432Wx482H_20161117182637.jpeg,Image,image/jpeg,2,482X432.jpeg
MP000000000128236_2,pcm_imageprocessingcompleted,658Wx734H,658Wx734H/MP000000000128236_2,http://pcmtmppprd.tataunistore.com/images/658Wx734H/MP000000000128234_658Wx734H_20161117182637.jpeg,Image,image/jpeg,2,734X658.jpeg
MP000000000128236_3,pcm_imageprocessingcompleted,432Wx482H,432Wx482H/MP000000000128236_3,http://pcmtmppprd.tataunistore.com/images/432Wx482H/MP000000000128234_432Wx482H_20161117182644.jpeg,Image,image/jpeg,3,482X432.jpeg
MP000000000128236_1,pcm_imageprocessingcompleted,58Wx65H,58Wx65H/MP000000000128236_1,http://pcmtmppprd.tataunistore.com/images/58Wx65H/MP000000000128234_58Wx65H_20161117182641.jpeg,Image,image/jpeg,1,65X58.jpeg
MP000000000128236_1,pcm_imageprocessingcompleted,97Wx108H,97Wx108H/MP000000000128236_1,http://pcmtmppprd.tataunistore.com/images/97Wx108H/MP000000000128234_97Wx108H_20161117182641.jpeg,Image,image/jpeg,1,108X97.jpeg
MP000000000128236_1,pcm_imageprocessingcompleted,320Wx357H,320Wx357H/MP000000000128236_1,http://pcmtmppprd.tataunistore.com/images/320Wx357H/MP000000000128234_320Wx357H_20161117182641.jpeg,Image,image/jpeg,1,357X320.jpeg
MP000000000128236_1,pcm_imageprocessingcompleted,432Wx482H,432Wx482H/MP000000000128236_1,http://pcmtmppprd.tataunistore.com/images/432Wx482H/MP000000000128234_432Wx482H_20161117182641.jpeg,Image,image/jpeg,1,482X432.jpeg
MP000000000128236_1,pcm_imageprocessingcompleted,658Wx734H,658Wx734H/MP000000000128236_1,http://pcmtmppprd.tataunistore.com/images/658Wx734H/MP000000000128234_658Wx734H_20161117182641.jpeg,Image,image/jpeg,1,734X658.jpeg
MP000000000128236_3,pcm_imageprocessingcompleted,320Wx357H,320Wx357H/MP000000000128236_3,http://pcmtmppprd.tataunistore.com/images/320Wx357H/MP000000000128234_320Wx357H_20161117182644.jpeg,Image,image/jpeg,3,357X320.jpeg
MP000000000128236_3,pcm_imageprocessingcompleted,1316Wx1468H,1316Wx1468H/MP000000000128236_3,http://pcmtmppprd.tataunistore.com/images/1316Wx1468H/MP000000000128234_1316Wx1468H_20161117182644.jpeg,Image,image/jpeg,3,1468X1316.jpeg
MP000000000128236_3,pcm_imageprocessingcompleted,58Wx65H,58Wx65H/MP000000000128236_3,http://pcmtmppprd.tataunistore.com/images/58Wx65H/MP000000000128234_58Wx65H_20161117182644.jpeg,Image,image/jpeg,3,65X58.jpeg
MP000000000128236_3,pcm_imageprocessingcompleted,97Wx108H,97Wx108H/MP000000000128236_3,http://pcmtmppprd.tataunistore.com/images/97Wx108H/MP000000000128234_97Wx108H_20161117182644.jpeg,Image,image/jpeg,3,108X97.jpeg
MP000000000128236_4,pcm_imageprocessingcompleted,432Wx482H,432Wx482H/MP000000000128236_4,http://pcmtmppprd.tataunistore.com/images/432Wx482H/MP000000000128234_432Wx482H_20161117182632.jpeg,Image,image/jpeg,4,482X432.jpeg
MP000000000128236_4,pcm_imageprocessingcompleted,658Wx734H,658Wx734H/MP000000000128236_4,http://pcmtmppprd.tataunistore.com/images/658Wx734H/MP000000000128234_658Wx734H_20161117182632.jpeg,Image,image/jpeg,4,734X658.jpeg
MP000000000128236_4,pcm_imageprocessingcompleted,1316Wx1468H,1316Wx1468H/MP000000000128236_4,http://pcmtmppprd.tataunistore.com/images/1316Wx1468H/MP000000000128234_1316Wx1468H_20161117182632.jpeg,Image,image/jpeg,4,1468X1316.jpeg
MP000000000128236_1,pcm_imageprocessingcompleted,1316Wx1468H,1316Wx1468H/MP000000000128236_1,http://pcmtmppprd.tataunistore.com/images/1316Wx1468H/MP000000000128234_1316Wx1468H_20161117182641.jpeg,Image,image/jpeg,1,1468X1316.jpeg
MP000000000128236_3,pcm_imageprocessingcompleted,658Wx734H,658Wx734H/MP000000000128236_3,http://pcmtmppprd.tataunistore.com/images/658Wx734H/MP000000000128234_658Wx734H_20161117182644.jpeg,Image,image/jpeg,3,734X658.jpeg
MP000000000128236_4,pcm_imageprocessingcompleted,58Wx65H,58Wx65H/MP000000000128236_4,http://pcmtmppprd.tataunistore.com/images/58Wx65H/MP000000000128234_58Wx65H_20161117182632.jpeg,Image,image/jpeg,4,65X58.jpeg
MP000000000128236_4,pcm_imageprocessingcompleted,97Wx108H,97Wx108H/MP000000000128236_4,http://pcmtmppprd.tataunistore.com/images/97Wx108H/MP000000000128234_97Wx108H_20161117182632.jpeg,Image,image/jpeg,4,108X97.jpeg
MP000000000128236_4,pcm_imageprocessingcompleted,320Wx357H,320Wx357H/MP000000000128236_4,http://pcmtmppprd.tataunistore.com/images/320Wx357H/MP000000000128234_320Wx357H_20161117182632.jpeg,Image,image/jpeg,4,357X320.jpeg
MP000000000128236_2,pcm_imageprocessingcompleted,58Wx65H,58Wx65H/MP000000000128236_2,http://pcmtmppprd.tataunistore.com/images/58Wx65H/MP000000000128234_58Wx65H_20161117182637.jpeg,Image,image/jpeg,2,65X58.jpeg
MP000000000128236_2,pcm_imageprocessingcompleted,97Wx108H,97Wx108H/MP000000000128236_2,http://pcmtmppprd.tataunistore.com/images/97Wx108H/MP000000000128234_97Wx108H_20161117182637.jpeg,Image,image/jpeg,2,108X97.jpeg
MP000000000128236_2,pcm_imageprocessingcompleted,320Wx357H,320Wx357H/MP000000000128236_2,http://pcmtmppprd.tataunistore.com/images/320Wx357H/MP000000000128234_320Wx357H_20161117182637.jpeg,Image,image/jpeg,2,357X320.jpeg
MP000000000128236_2,pcm_imageprocessingcompleted,432Wx482H,432Wx482H/MP000000000128236_2,http://pcmtmppprd.tataunistore.com/images/432Wx482H/MP000000000128234_432Wx482H_20161117182637.jpeg,Image,image/jpeg,2,482X432.jpeg
MP000000000128236_2,pcm_imageprocessingcompleted,1316Wx1468H,1316Wx1468H/MP000000000128236_2,http://pcmtmppprd.tataunistore.com/images/1316Wx1468H/MP000000000128234_1316Wx1468H_20161117182637.jpeg,Image,image/jpeg,2,1468X1316.jpeg
