Buy Infocus Bingo 10 Dual Sim 8 GB (Black) online at best price at TataCLiQ,"Buy Infocus Bingo 10 Dual Sim 8 GB (Black) online in India, TataCLiQ",Shop for Infocus Bingo 10 Dual Sim 8 GB (Black) online in India at TataCLiQ,,MP000000000243635
iPhone 6S Plus 64GB with IOS 9 Gold at tataCliQ.com,"Apple 1PMKU82HN/A iPhone 6s, 64 GB phone, 4.7-inch iPhone",The Apple 1PMKU82HN/A iPhone 6s with 1.8 GHz Dual Core processor offers smooth operation.,,MP000000000060053
HTC Desire 728G DS with 1.5 GB RAM Purple at TATAUnistore,"HTC Desire 728G Dual Sim Purple Myst Touchscreen Smartphone, dual SIM phone, 5.5-inch smartphone","The HTC Desire 728G Dual Sim, Purple Myst Touchscreen Smartphone ensures lag-free multitasking.",,MP000000000100344
Buy Infocus Bingo 10 Dual Sim 8 GB (Black) online at best price at TataCLiQ,"Buy Infocus Bingo 10 Dual Sim 8 GB (Black) online in India, TataCLiQ",Shop for Infocus Bingo 10 Dual Sim 8 GB (Black) online in India at TataCLiQ,,MP000000000243635
Buy LG G4 H818N Smartphone Black online at TATACLiQ.com,"Buy LG G4 H818N Smartphone Black, Buy LG Smartphone",Buy LG G4 H818N Smartphone Black at best prices on TATACLiQ.com FREE shipping & COD,,MP000000000000938
Buy Swipe Konnect 4E Dual Sim 256 MB (Black) Online at best price at TataCLiQ,"Buy Swipe Konnect 4E Dual Sim 256 MB (Black) online in India, TataCLiQ",Shop for Swipe Konnect 4E Dual Sim 256 MB (Black) Online in India at TataCLiQ.,,MP000000000190336
Buy Microsoft Lumia 540 Dual Sim 8 GB (Orange) Online at best price at TataCLiQ,"Buy Microsoft Lumia 540 Dual Sim 8 GB (Orange) online in India, TataCLiQ",Shop for Microsoft Lumia 540 Dual Sim 8 GB (Orange) Online in India at TataCLiQ,,MP000000000198270
Buy Karbonn Titanium S10 4GB Android Phone (White) online at best price at TataCLiQ,"Buy Karbonn Titanium S10 4GB Android Phone (White) online in India, TataCLiQ",Shop for Karbonn Titanium S10 4GB Android Phone (White) online in India at TataCLiQ,,MP000000000373567
Buy LG G4 H818N Smartphone Black online at TATACLiQ.com,"Buy LG G4 H818N Smartphone Black, Buy LG Smartphone",Buy LG G4 H818N Smartphone Black at best prices on TATACLiQ.com FREE shipping & COD,,MP000000000000938
iPhone 6S Plus 64GB with IOS 9 Gold at tataCliQ.com,"Apple 1PMKU82HN/A iPhone 6s, 64 GB phone, 4.7-inch iPhone",The Apple 1PMKU82HN/A iPhone 6s with 1.8 GHz Dual Core processor offers smooth operation.,,MP000000000060053
Buy Huawei Holly 2 Plus TIT-AL00 Smartphone @tataunistore.com,"Huawei Holly 2Plus smartphone, Holly 2Plus smartphone, Huawei Holly 2Plus",The Huawei smartphone has a Quick Charge feature and a 4000 mAh battery that makes it a good option.,"Huawei Holly 2Plus smartphone, Holly 2Plus smartphone, Huawei Holly 2Plus",MP000000000073785
HTC Desire 728G DS with 1.5 GB RAM Purple at TATAUnistore,"HTC Desire 728G Dual Sim Purple Myst Touchscreen Smartphone, dual SIM phone, 5.5-inch smartphone","The HTC Desire 728G Dual Sim, Purple Myst Touchscreen Smartphone ensures lag-free multitasking.",,MP000000000100344
Buy Swipe Konnect 4E Dual Sim 256 MB (Black) Online at best price at TataCLiQ,"Buy Swipe Konnect 4E Dual Sim 256 MB (Black) online in India, TataCLiQ",Shop for Swipe Konnect 4E Dual Sim 256 MB (Black) Online in India at TataCLiQ.,,MP000000000190336
Buy Microsoft Lumia 540 Dual Sim 8 GB (Orange) Online at best price at TataCLiQ,"Buy Microsoft Lumia 540 Dual Sim 8 GB (Orange) online in India, TataCLiQ",Shop for Microsoft Lumia 540 Dual Sim 8 GB (Orange) Online in India at TataCLiQ,,MP000000000198270
Buy Infocus Bingo 10 Dual Sim 8 GB (Black) online at best price at TataCLiQ,"Buy Infocus Bingo 10 Dual Sim 8 GB (Black) online in India, TataCLiQ",Shop for Infocus Bingo 10 Dual Sim 8 GB (Black) online in India at TataCLiQ,,MP000000000243635
Buy Karbonn Titanium S10 4GB Android Phone (White) online at best price at TataCLiQ,"Buy Karbonn Titanium S10 4GB Android Phone (White) online in India, TataCLiQ",Shop for Karbonn Titanium S10 4GB Android Phone (White) online in India at TataCLiQ,,MP000000000373567
iPhone 6S Plus 64GB with IOS 9 Gold at tataCliQ.com,"Apple 1PMKU82HN/A iPhone 6s, 64 GB phone, 4.7-inch iPhone",The Apple 1PMKU82HN/A iPhone 6s with 1.8 GHz Dual Core processor offers smooth operation.,,MP000000000060053
Buy Huawei Holly 2 Plus TIT-AL00 Smartphone @tataunistore.com,"Huawei Holly 2Plus smartphone, Holly 2Plus smartphone, Huawei Holly 2Plus",The Huawei smartphone has a Quick Charge feature and a 4000 mAh battery that makes it a good option.,"Huawei Holly 2Plus smartphone, Holly 2Plus smartphone, Huawei Holly 2Plus",MP000000000073785
Buy Huawei Holly 2 Plus TIT-AL00 Smartphone @tataunistore.com,"Huawei Holly 2Plus smartphone, Holly 2Plus smartphone, Huawei Holly 2Plus",The Huawei smartphone has a Quick Charge feature and a 4000 mAh battery that makes it a good option.,"Huawei Holly 2Plus smartphone, Holly 2Plus smartphone, Huawei Holly 2Plus",MP000000000073785
Buy Huawei Holly 2 Plus TIT-AL00 Smartphone @tataunistore.com,"Huawei Holly 2Plus smartphone, Holly 2Plus smartphone, Huawei Holly 2Plus",The Huawei smartphone has a Quick Charge feature and a 4000 mAh battery that makes it a good option.,"Huawei Holly 2Plus smartphone, Holly 2Plus smartphone, Huawei Holly 2Plus",MP000000000073785
iPhone 6S Plus 64GB with IOS 9 Gold at tataCliQ.com,"Apple 1PMKU82HN/A iPhone 6s, 64 GB phone, 4.7-inch iPhone",The Apple 1PMKU82HN/A iPhone 6s with 1.8 GHz Dual Core processor offers smooth operation.,,MP000000000060053
iPhone 6S Plus 64GB with IOS 9 Gold at tataCliQ.com,"Apple 1PMKU82HN/A iPhone 6s, 64 GB phone, 4.7-inch iPhone",The Apple 1PMKU82HN/A iPhone 6s with 1.8 GHz Dual Core processor offers smooth operation.,,MP000000000060053
Buy Huawei Holly 2 Plus TIT-AL00 Smartphone @tataunistore.com,"Huawei Holly 2Plus smartphone, Holly 2Plus smartphone, Huawei Holly 2Plus",The Huawei smartphone has a Quick Charge feature and a 4000 mAh battery that makes it a good option.,"Huawei Holly 2Plus smartphone, Holly 2Plus smartphone, Huawei Holly 2Plus",MP000000000073785
iPhone 6S Plus 64GB with IOS 9 Gold at tataCliQ.com,"Apple 1PMKU82HN/A iPhone 6s, 64 GB phone, 4.7-inch iPhone",The Apple 1PMKU82HN/A iPhone 6s with 1.8 GHz Dual Core processor offers smooth operation.,,MP000000000060053
Buy LG G4 H818N Smartphone Black online at TATACLiQ.com,"Buy LG G4 H818N Smartphone Black, Buy LG Smartphone",Buy LG G4 H818N Smartphone Black at best prices on TATACLiQ.com FREE shipping & COD,,MP000000000000938
iPhone 6S Plus 64GB with IOS 9 Gold at tataCliQ.com,"Apple 1PMKU82HN/A iPhone 6s, 64 GB phone, 4.7-inch iPhone",The Apple 1PMKU82HN/A iPhone 6s with 1.8 GHz Dual Core processor offers smooth operation.,,MP000000000060053
Buy Huawei Holly 2 Plus TIT-AL00 Smartphone @tataunistore.com,"Huawei Holly 2Plus smartphone, Holly 2Plus smartphone, Huawei Holly 2Plus",The Huawei smartphone has a Quick Charge feature and a 4000 mAh battery that makes it a good option.,"Huawei Holly 2Plus smartphone, Holly 2Plus smartphone, Huawei Holly 2Plus",MP000000000073785
HTC Desire 728G DS with 1.5 GB RAM Purple at TATAUnistore,"HTC Desire 728G Dual Sim Purple Myst Touchscreen Smartphone, dual SIM phone, 5.5-inch smartphone","The HTC Desire 728G Dual Sim, Purple Myst Touchscreen Smartphone ensures lag-free multitasking.",,MP000000000100344
Buy Huawei Holly 2 Plus TIT-AL00 Smartphone @tataunistore.com,"Huawei Holly 2Plus smartphone, Holly 2Plus smartphone, Huawei Holly 2Plus",The Huawei smartphone has a Quick Charge feature and a 4000 mAh battery that makes it a good option.,"Huawei Holly 2Plus smartphone, Holly 2Plus smartphone, Huawei Holly 2Plus",MP000000000073785
Buy Leeco Le 2 4G Dual Sim 64 GB (Rose Gold) Online at best price at TataCLiQ,"Buy Leeco Le 2 4G Dual Sim 64 GB (Rose Gold) online in India, TataCLiQ",Shop for Leeco Le 2 4G Dual Sim 64 GB (Rose Gold) Online in India at TataCLiQ,,MP000000000595963
iPhone 6S Plus 64GB with IOS 9 Gold at tataCliQ.com,"Apple 1PMKU82HN/A iPhone 6s, 64 GB phone, 4.7-inch iPhone",The Apple 1PMKU82HN/A iPhone 6s with 1.8 GHz Dual Core processor offers smooth operation.,,MP000000000060053
Buy Huawei Holly 2 Plus TIT-AL00 Smartphone @tataunistore.com,"Huawei Holly 2Plus smartphone, Holly 2Plus smartphone, Huawei Holly 2Plus",The Huawei smartphone has a Quick Charge feature and a 4000 mAh battery that makes it a good option.,"Huawei Holly 2Plus smartphone, Holly 2Plus smartphone, Huawei Holly 2Plus",MP000000000073785
Buy LG G4 H818N Smartphone Black online at TATACLiQ.com,"Buy LG G4 H818N Smartphone Black, Buy LG Smartphone",Buy LG G4 H818N Smartphone Black at best prices on TATACLiQ.com FREE shipping & COD,,MP000000000000938
iPhone 6S Plus 64GB with IOS 9 Gold at tataCliQ.com,"Apple 1PMKU82HN/A iPhone 6s, 64 GB phone, 4.7-inch iPhone",The Apple 1PMKU82HN/A iPhone 6s with 1.8 GHz Dual Core processor offers smooth operation.,,MP000000000060053
Buy Leeco Le 2 4G Dual Sim 64 GB (Rose Gold) Online at best price at TataCLiQ,"Buy Leeco Le 2 4G Dual Sim 64 GB (Rose Gold) online in India, TataCLiQ",Shop for Leeco Le 2 4G Dual Sim 64 GB (Rose Gold) Online in India at TataCLiQ,,MP000000000595963
iPhone 6S Plus 64GB with IOS 9 Gold at tataCliQ.com,"Apple 1PMKU82HN/A iPhone 6s, 64 GB phone, 4.7-inch iPhone",The Apple 1PMKU82HN/A iPhone 6s with 1.8 GHz Dual Core processor offers smooth operation.,,MP000000000060053
HTC Desire 728G DS with 1.5 GB RAM Purple at TATAUnistore,"HTC Desire 728G Dual Sim Purple Myst Touchscreen Smartphone, dual SIM phone, 5.5-inch smartphone","The HTC Desire 728G Dual Sim, Purple Myst Touchscreen Smartphone ensures lag-free multitasking.",,MP000000000100344
Buy Infocus Bingo 10 Dual Sim 8 GB (Black) online at best price at TataCLiQ,"Buy Infocus Bingo 10 Dual Sim 8 GB (Black) online in India, TataCLiQ",Shop for Infocus Bingo 10 Dual Sim 8 GB (Black) online in India at TataCLiQ,,MP000000000243635
Buy Swipe Konnect 4E Dual Sim 256 MB (Black) Online at best price at TataCLiQ,"Buy Swipe Konnect 4E Dual Sim 256 MB (Black) online in India, TataCLiQ",Shop for Swipe Konnect 4E Dual Sim 256 MB (Black) Online in India at TataCLiQ.,,MP000000000190336
Buy Microsoft Lumia 540 Dual Sim 8 GB (Orange) Online at best price at TataCLiQ,"Buy Microsoft Lumia 540 Dual Sim 8 GB (Orange) online in India, TataCLiQ",Shop for Microsoft Lumia 540 Dual Sim 8 GB (Orange) Online in India at TataCLiQ,,MP000000000198270
iPhone 6S Plus 64GB with IOS 9 Gold at tataCliQ.com,"Apple 1PMKU82HN/A iPhone 6s, 64 GB phone, 4.7-inch iPhone",The Apple 1PMKU82HN/A iPhone 6s with 1.8 GHz Dual Core processor offers smooth operation.,,MP000000000060053
Buy LG G4 H818N Smartphone Black online at TATACLiQ.com,"Buy LG G4 H818N Smartphone Black, Buy LG Smartphone",Buy LG G4 H818N Smartphone Black at best prices on TATACLiQ.com FREE shipping & COD,,MP000000000000938
iPhone 6S Plus 64GB with IOS 9 Gold at tataCliQ.com,"Apple 1PMKU82HN/A iPhone 6s, 64 GB phone, 4.7-inch iPhone",The Apple 1PMKU82HN/A iPhone 6s with 1.8 GHz Dual Core processor offers smooth operation.,,MP000000000060053
Buy LeEco Le 2 64 GB (Rose Gold) Online at best price in India at TataCLiQ,"Buy LeEco Le 2, LeEco 2, Online, Buy, Tata CLiQ",LeEco Le 2 64 GB (Rose Gold) Price in India - Shop for LeEco Le 2 64 GB (Rose Gold) 4G Dual Sim 64 GB (Rose Gold) Online in India at Tata CLiQ,,MP000000000595963
Buy LG G4 H818N Smartphone Black online at TATACLiQ.com,"Buy LG G4 H818N Smartphone Black, Buy LG Smartphone",Buy LG G4 H818N Smartphone Black at best prices on TATACLiQ.com FREE shipping & COD,,MP000000000000938
Buy Huawei Holly 2 Plus TIT-AL00 Smartphone @tataunistore.com,"Huawei Holly 2Plus smartphone, Holly 2Plus smartphone, Huawei Holly 2Plus",The Huawei smartphone has a Quick Charge feature and a 4000 mAh battery that makes it a good option.,"Huawei Holly 2Plus smartphone, Holly 2Plus smartphone, Huawei Holly 2Plus",MP000000000073785
HTC Desire 728G DS with 1.5 GB RAM Purple at TATAUnistore,"HTC Desire 728G Dual Sim Purple Myst Touchscreen Smartphone, dual SIM phone, 5.5-inch smartphone","The HTC Desire 728G Dual Sim, Purple Myst Touchscreen Smartphone ensures lag-free multitasking.",,MP000000000100344
Buy Infocus Bingo 10 Dual Sim 8 GB (Black) online at best price at TataCLiQ,"Buy Infocus Bingo 10 Dual Sim 8 GB (Black) online in India, TataCLiQ",Shop for Infocus Bingo 10 Dual Sim 8 GB (Black) online in India at TataCLiQ,,MP000000000243635
Buy Infocus Bingo 10 Dual Sim 8 GB (Black) online at best price at TataCLiQ,"Buy Infocus Bingo 10 Dual Sim 8 GB (Black) online in India, TataCLiQ",Shop for Infocus Bingo 10 Dual Sim 8 GB (Black) online in India at TataCLiQ,,MP000000000243635
Buy Infocus Bingo 10 Dual Sim 8 GB (Black) online at best price at TataCLiQ,"Buy Infocus Bingo 10 Dual Sim 8 GB (Black) online in India, TataCLiQ",Shop for Infocus Bingo 10 Dual Sim 8 GB (Black) online in India at TataCLiQ,,MP000000000243635
HTC Desire 728G DS with 1.5 GB RAM Purple at TATAUnistore,"HTC Desire 728G Dual Sim Purple Myst Touchscreen Smartphone, dual SIM phone, 5.5-inch smartphone","The HTC Desire 728G Dual Sim, Purple Myst Touchscreen Smartphone ensures lag-free multitasking.",,MP000000000100344
iPhone 6S Plus 64GB with IOS 9 Gold at tataCliQ.com,"Apple 1PMKU82HN/A iPhone 6s, 64 GB phone, 4.7-inch iPhone",The Apple 1PMKU82HN/A iPhone 6s with 1.8 GHz Dual Core processor offers smooth operation.,,MP000000000060053
HTC Desire 728G DS with 1.5 GB RAM Purple at TATAUnistore,"HTC Desire 728G Dual Sim Purple Myst Touchscreen Smartphone, dual SIM phone, 5.5-inch smartphone","The HTC Desire 728G Dual Sim, Purple Myst Touchscreen Smartphone ensures lag-free multitasking.",,MP000000000100344
Buy Huawei Holly 2 Plus TIT-AL00 Smartphone @tataunistore.com,"Huawei Holly 2Plus smartphone, Holly 2Plus smartphone, Huawei Holly 2Plus",The Huawei smartphone has a Quick Charge feature and a 4000 mAh battery that makes it a good option.,"Huawei Holly 2Plus smartphone, Holly 2Plus smartphone, Huawei Holly 2Plus",MP000000000073785
Buy Microsoft Lumia 540 Dual Sim 8 GB (Orange) Online at best price at TataCLiQ,"Buy Microsoft Lumia 540 Dual Sim 8 GB (Orange) online in India, TataCLiQ",Shop for Microsoft Lumia 540 Dual Sim 8 GB (Orange) Online in India at TataCLiQ,,MP000000000198270
Buy Infocus Bingo 10 Dual Sim 8 GB (Black) online at best price at TataCLiQ,"Buy Infocus Bingo 10 Dual Sim 8 GB (Black) online in India, TataCLiQ",Shop for Infocus Bingo 10 Dual Sim 8 GB (Black) online in India at TataCLiQ,,MP000000000243635
Buy LG G4 H818N Smartphone Black online at TATACLiQ.com,"Buy LG G4 H818N Smartphone Black, Buy LG Smartphone",Buy LG G4 H818N Smartphone Black at best prices on TATACLiQ.com FREE shipping & COD,,MP000000000000938
iPhone 6S Plus 64GB with IOS 9 Gold at tataCliQ.com,"Apple 1PMKU82HN/A iPhone 6s, 64 GB phone, 4.7-inch iPhone",The Apple 1PMKU82HN/A iPhone 6s with 1.8 GHz Dual Core processor offers smooth operation.,,MP000000000060053
Buy Swipe Konnect 4E Dual Sim 256 MB (Black) Online at best price at TataCLiQ,"Buy Swipe Konnect 4E Dual Sim 256 MB (Black) online in India, TataCLiQ",Shop for Swipe Konnect 4E Dual Sim 256 MB (Black) Online in India at TataCLiQ.,,MP000000000190336
iPhone 6S Plus 64GB with IOS 9 Gold at tataCliQ.com,"Apple 1PMKU82HN/A iPhone 6s, 64 GB phone, 4.7-inch iPhone",The Apple 1PMKU82HN/A iPhone 6s with 1.8 GHz Dual Core processor offers smooth operation.,,MP000000000060053
Buy LG G4 H818N Smartphone Black online at TATACLiQ.com,"Buy LG G4 H818N Smartphone Black, Buy LG Smartphone",Buy LG G4 H818N Smartphone Black at best prices on TATACLiQ.com FREE shipping & COD,,MP000000000000938
iPhone 6S Plus 64GB with IOS 9 Gold at tataCliQ.com,"Apple 1PMKU82HN/A iPhone 6s, 64 GB phone, 4.7-inch iPhone",The Apple 1PMKU82HN/A iPhone 6s with 1.8 GHz Dual Core processor offers smooth operation.,,MP000000000060053
Buy LG G4 H818N Smartphone Black online at TATACLiQ.com,"Buy LG G4 H818N Smartphone Black, Buy LG Smartphone",Buy LG G4 H818N Smartphone Black at best prices on TATACLiQ.com FREE shipping & COD,,MP000000000000938
Buy Huawei Holly 2 Plus TIT-AL00 Smartphone @tataunistore.com,"Huawei Holly 2Plus smartphone, Holly 2Plus smartphone, Huawei Holly 2Plus",The Huawei smartphone has a Quick Charge feature and a 4000 mAh battery that makes it a good option.,"Huawei Holly 2Plus smartphone, Holly 2Plus smartphone, Huawei Holly 2Plus",MP000000000073785
HTC Desire 728G DS with 1.5 GB RAM Purple at TATAUnistore,"HTC Desire 728G Dual Sim Purple Myst Touchscreen Smartphone, dual SIM phone, 5.5-inch smartphone","The HTC Desire 728G Dual Sim, Purple Myst Touchscreen Smartphone ensures lag-free multitasking.",,MP000000000100344
Buy Microsoft Lumia 540 Dual Sim 8 GB (Orange) Online at best price at TataCLiQ,"Buy Microsoft Lumia 540 Dual Sim 8 GB (Orange) online in India, TataCLiQ",Shop for Microsoft Lumia 540 Dual Sim 8 GB (Orange) Online in India at TataCLiQ,,MP000000000198270
Buy Infocus Bingo 10 Dual Sim 8 GB (Black) online at best price at TataCLiQ,"Buy Infocus Bingo 10 Dual Sim 8 GB (Black) online in India, TataCLiQ",Shop for Infocus Bingo 10 Dual Sim 8 GB (Black) online in India at TataCLiQ,,MP000000000243635
Buy Swipe Konnect 4E Dual Sim 256 MB (Black) Online at best price at TataCLiQ,"Buy Swipe Konnect 4E Dual Sim 256 MB (Black) online in India, TataCLiQ",Shop for Swipe Konnect 4E Dual Sim 256 MB (Black) Online in India at TataCLiQ.,,MP000000000190336
Buy LG G4 H818N Smartphone Black online at TATACLiQ.com,"Buy LG G4 H818N Smartphone Black, Buy LG Smartphone",Buy LG G4 H818N Smartphone Black at best prices on TATACLiQ.com FREE shipping & COD,,MP000000000000938
iPhone 6S Plus 64GB with IOS 9 Gold at tataCliQ.com,"Apple 1PMKU82HN/A iPhone 6s, 64 GB phone, 4.7-inch iPhone",The Apple 1PMKU82HN/A iPhone 6s with 1.8 GHz Dual Core processor offers smooth operation.,,MP000000000060053
Buy Karbonn Titanium S10 4GB Android Phone (White) online at best price at TataCLiQ,"Buy Karbonn Titanium S10 4GB Android Phone (White) online in India, TataCLiQ",Shop for Karbonn Titanium S10 4GB Android Phone (White) online in India at TataCLiQ,,MP000000000373567
Buy Huawei Holly 2 Plus TIT-AL00 Smartphone @tataunistore.com,"Huawei Holly 2Plus smartphone, Holly 2Plus smartphone, Huawei Holly 2Plus",The Huawei smartphone has a Quick Charge feature and a 4000 mAh battery that makes it a good option.,"Huawei Holly 2Plus smartphone, Holly 2Plus smartphone, Huawei Holly 2Plus",MP000000000073785
HTC Desire 728G DS with 1.5 GB RAM Purple at TATAUnistore,"HTC Desire 728G Dual Sim Purple Myst Touchscreen Smartphone, dual SIM phone, 5.5-inch smartphone","The HTC Desire 728G Dual Sim, Purple Myst Touchscreen Smartphone ensures lag-free multitasking.",,MP000000000100344
Buy Swipe Konnect 4E Dual Sim 256 MB (Black) Online at best price at TataCLiQ,"Buy Swipe Konnect 4E Dual Sim 256 MB (Black) online in India, TataCLiQ",Shop for Swipe Konnect 4E Dual Sim 256 MB (Black) Online in India at TataCLiQ.,,MP000000000190336
Buy Microsoft Lumia 540 Dual Sim 8 GB (Orange) Online at best price at TataCLiQ,"Buy Microsoft Lumia 540 Dual Sim 8 GB (Orange) online in India, TataCLiQ",Shop for Microsoft Lumia 540 Dual Sim 8 GB (Orange) Online in India at TataCLiQ,,MP000000000198270
Buy Huawei Holly 2 Plus TIT-AL00 Smartphone @tataunistore.com,"Huawei Holly 2Plus smartphone, Holly 2Plus smartphone, Huawei Holly 2Plus",The Huawei smartphone has a Quick Charge feature and a 4000 mAh battery that makes it a good option.,"Huawei Holly 2Plus smartphone, Holly 2Plus smartphone, Huawei Holly 2Plus",MP000000000073785
HTC Desire 728G DS with 1.5 GB RAM Purple at TATAUnistore,"HTC Desire 728G Dual Sim Purple Myst Touchscreen Smartphone, dual SIM phone, 5.5-inch smartphone","The HTC Desire 728G Dual Sim, Purple Myst Touchscreen Smartphone ensures lag-free multitasking.",,MP000000000100344
Buy Swipe Konnect 4E Dual Sim 256 MB (Black) Online at best price at TataCLiQ,"Buy Swipe Konnect 4E Dual Sim 256 MB (Black) online in India, TataCLiQ",Shop for Swipe Konnect 4E Dual Sim 256 MB (Black) Online in India at TataCLiQ.,,MP000000000190336
Buy Microsoft Lumia 540 Dual Sim 8 GB (Orange) Online at best price at TataCLiQ,"Buy Microsoft Lumia 540 Dual Sim 8 GB (Orange) online in India, TataCLiQ",Shop for Microsoft Lumia 540 Dual Sim 8 GB (Orange) Online in India at TataCLiQ,,MP000000000198270
Buy Karbonn Titanium S10 4GB Android Phone (White) online at best price at TataCLiQ,"Buy Karbonn Titanium S10 4GB Android Phone (White) online in India, TataCLiQ",Shop for Karbonn Titanium S10 4GB Android Phone (White) online in India at TataCLiQ,,MP000000000373567
Buy Huawei Holly 2 Plus TIT-AL00 Smartphone @tataunistore.com,"Huawei Holly 2Plus smartphone, Holly 2Plus smartphone, Huawei Holly 2Plus",The Huawei smartphone has a Quick Charge feature and a 4000 mAh battery that makes it a good option.,"Huawei Holly 2Plus smartphone, Holly 2Plus smartphone, Huawei Holly 2Plus",MP000000000073785
Buy LG G4 H818N Smartphone Black online at TATACLiQ.com,"Buy LG G4 H818N Smartphone Black, Buy LG Smartphone",Buy LG G4 H818N Smartphone Black at best prices on TATACLiQ.com FREE shipping & COD,,MP000000000000938
iPhone 6S Plus 64GB with IOS 9 Gold at tataCliQ.com,"Apple 1PMKU82HN/A iPhone 6s, 64 GB phone, 4.7-inch iPhone",The Apple 1PMKU82HN/A iPhone 6s with 1.8 GHz Dual Core processor offers smooth operation.,,MP000000000060053
Buy LG G4 H818N Smartphone Black online at TATACLiQ.com,"Buy LG G4 H818N Smartphone Black, Buy LG Smartphone",Buy LG G4 H818N Smartphone Black at best prices on TATACLiQ.com FREE shipping & COD,,MP000000000000938
iPhone 6S Plus 64GB with IOS 9 Gold at tataCliQ.com,"Apple 1PMKU82HN/A iPhone 6s, 64 GB phone, 4.7-inch iPhone",The Apple 1PMKU82HN/A iPhone 6s with 1.8 GHz Dual Core processor offers smooth operation.,,MP000000000060053
Buy Infocus Bingo 10 Dual Sim 8 GB (Black) online at best price at TataCLiQ,"Buy Infocus Bingo 10 Dual Sim 8 GB (Black) online in India, TataCLiQ",Shop for Infocus Bingo 10 Dual Sim 8 GB (Black) online in India at TataCLiQ,,MP000000000243635
Buy Infocus Bingo 10 Dual Sim 8 GB (Black) online at best price at TataCLiQ,"Buy Infocus Bingo 10 Dual Sim 8 GB (Black) online in India, TataCLiQ",Shop for Infocus Bingo 10 Dual Sim 8 GB (Black) online in India at TataCLiQ,,MP000000000243635
Buy LG G4 H818N Smartphone Black online at TATACLiQ.com,"Buy LG G4 H818N Smartphone Black, Buy LG Smartphone",Buy LG G4 H818N Smartphone Black at best prices on TATACLiQ.com FREE shipping & COD,,MP000000000000938
iPhone 6S Plus 64GB with IOS 9 Gold at tataCliQ.com,"Apple 1PMKU82HN/A iPhone 6s, 64 GB phone, 4.7-inch iPhone",The Apple 1PMKU82HN/A iPhone 6s with 1.8 GHz Dual Core processor offers smooth operation.,,MP000000000060053
