MP000000000595961_2,pcm_imageprocessingcompleted,437Wx649H,437Wx649H/MP000000000595961_2,https://img.tatacliq.com/images/437Wx649H/MP000000000595961_437Wx649H_20161008060545.jpeg,Image,image/jpeg,2,649X437.jpeg
MP000000000595961_2,pcm_imageprocessingcompleted,252Wx374H,252Wx374H/MP000000000595961_2,https://img.tatacliq.com/images/252Wx374H/MP000000000595961_252Wx374H_20161008060545.jpeg,Image,image/jpeg,2,374X252.jpeg
MP000000000595961_2,pcm_imageprocessingcompleted,97Wx144H,97Wx144H/MP000000000595961_2,https://img.tatacliq.com/images/97Wx144H/MP000000000595961_97Wx144H_20161008060545.jpeg,Image,image/jpeg,2,144X97.jpeg
MP000000000595961_3,pcm_imageprocessingcompleted,1348Wx2000H,1348Wx2000H/MP000000000595961_3,https://img.tatacliq.com/images/1348Wx2000H/MP000000000595961_1348Wx2000H_20161008060546.jpeg,Image,image/jpeg,3,2000X1348.jpeg
MP000000000595961_3,pcm_imageprocessingcompleted,437Wx649H,437Wx649H/MP000000000595961_3,https://img.tatacliq.com/images/437Wx649H/MP000000000595961_437Wx649H_20161008060546.jpeg,Image,image/jpeg,3,649X437.jpeg
MP000000000595961_3,pcm_imageprocessingcompleted,252Wx374H,252Wx374H/MP000000000595961_3,https://img.tatacliq.com/images/252Wx374H/MP000000000595961_252Wx374H_20161008060546.jpeg,Image,image/jpeg,3,374X252.jpeg
MP000000000595961_3,pcm_imageprocessingcompleted,97Wx144H,97Wx144H/MP000000000595961_3,https://img.tatacliq.com/images/97Wx144H/MP000000000595961_97Wx144H_20161008060546.jpeg,Image,image/jpeg,3,144X97.jpeg
MP000000000595961_3,pcm_imageprocessingcompleted,113Wx168H,113Wx168H/MP000000000595961_3,https://img.tatacliq.com/images/113Wx168H/MP000000000595961_113Wx168H_20161008060546.jpeg,Image,image/jpeg,3,168X113.jpeg
MP000000000595961_1,pcm_imageprocessingcompleted,1348Wx2000H,1348Wx2000H/MP000000000595961_1,https://img.tatacliq.com/images/1348Wx2000H/MP000000000595961_1348Wx2000H_20161008060548.jpeg,Image,image/jpeg,1,2000X1348.jpeg
MP000000000595961_1,pcm_imageprocessingcompleted,437Wx649H,437Wx649H/MP000000000595961_1,https://img.tatacliq.com/images/437Wx649H/MP000000000595961_437Wx649H_20161008060548.jpeg,Image,image/jpeg,1,649X437.jpeg
MP000000000595961_1,pcm_imageprocessingcompleted,252Wx374H,252Wx374H/MP000000000595961_1,https://img.tatacliq.com/images/252Wx374H/MP000000000595961_252Wx374H_20161008060548.jpeg,Image,image/jpeg,1,374X252.jpeg
MP000000000595961_1,pcm_imageprocessingcompleted,97Wx144H,97Wx144H/MP000000000595961_1,https://img.tatacliq.com/images/97Wx144H/MP000000000595961_97Wx144H_20161008060548.jpeg,Image,image/jpeg,1,144X97.jpeg
MP000000000595961_1,pcm_imageprocessingcompleted,113Wx168H,113Wx168H/MP000000000595961_1,https://img.tatacliq.com/images/113Wx168H/MP000000000595961_113Wx168H_20161008060548.jpeg,Image,image/jpeg,1,168X113.jpeg
MP000000000595961_2,pcm_imageprocessingcompleted,1348Wx2000H,1348Wx2000H/MP000000000595961_2,https://img.tatacliq.com/images/1348Wx2000H/MP000000000595961_1348Wx2000H_20161008060545.jpeg,Image,image/jpeg,2,2000X1348.jpeg
MP000000000595961_2,pcm_imageprocessingcompleted,113Wx168H,113Wx168H/MP000000000595961_2,https://img.tatacliq.com/images/113Wx168H/MP000000000595961_113Wx168H_20161008060545.jpeg,Image,image/jpeg,2,168X113.jpeg
MP000000000598885_1,pcm_imageprocessingcompleted,1348Wx2000H,1348Wx2000H/MP000000000598885_1,https://img.tatacliq.com/images/1348Wx2000H/MP000000000598885_1348Wx2000H_20161009012739.jpeg,Image,image/jpeg,1,2000X1348.jpeg
MP000000000598885_1,pcm_imageprocessingcompleted,437Wx649H,437Wx649H/MP000000000598885_1,https://img.tatacliq.com/images/437Wx649H/MP000000000598885_437Wx649H_20161009012739.jpeg,Image,image/jpeg,1,649X437.jpeg
MP000000000598885_1,pcm_imageprocessingcompleted,252Wx374H,252Wx374H/MP000000000598885_1,https://img.tatacliq.com/images/252Wx374H/MP000000000598885_252Wx374H_20161009012739.jpeg,Image,image/jpeg,1,374X252.jpeg
MP000000000598885_1,pcm_imageprocessingcompleted,97Wx144H,97Wx144H/MP000000000598885_1,https://img.tatacliq.com/images/97Wx144H/MP000000000598885_97Wx144H_20161009012739.jpeg,Image,image/jpeg,1,144X97.jpeg
MP000000000598885_1,pcm_imageprocessingcompleted,113Wx168H,113Wx168H/MP000000000598885_1,https://img.tatacliq.com/images/113Wx168H/MP000000000598885_113Wx168H_20161009012739.jpeg,Image,image/jpeg,1,168X113.jpeg
MP000000000598885_2,pcm_imageprocessingcompleted,1348Wx2000H,1348Wx2000H/MP000000000598885_2,https://img.tatacliq.com/images/1348Wx2000H/MP000000000598885_1348Wx2000H_20161009012740.jpeg,Image,image/jpeg,2,2000X1348.jpeg
MP000000000598885_2,pcm_imageprocessingcompleted,437Wx649H,437Wx649H/MP000000000598885_2,https://img.tatacliq.com/images/437Wx649H/MP000000000598885_437Wx649H_20161009012740.jpeg,Image,image/jpeg,2,649X437.jpeg
MP000000000598885_2,pcm_imageprocessingcompleted,252Wx374H,252Wx374H/MP000000000598885_2,https://img.tatacliq.com/images/252Wx374H/MP000000000598885_252Wx374H_20161009012740.jpeg,Image,image/jpeg,2,374X252.jpeg
MP000000000598885_2,pcm_imageprocessingcompleted,97Wx144H,97Wx144H/MP000000000598885_2,https://img.tatacliq.com/images/97Wx144H/MP000000000598885_97Wx144H_20161009012740.jpeg,Image,image/jpeg,2,144X97.jpeg
MP000000000598885_2,pcm_imageprocessingcompleted,113Wx168H,113Wx168H/MP000000000598885_2,https://img.tatacliq.com/images/113Wx168H/MP000000000598885_113Wx168H_20161009012740.jpeg,Image,image/jpeg,2,168X113.jpeg
MP000000000608507_2,pcm_imageprocessingcompleted,1348Wx2000H,1348Wx2000H/MP000000000608507_2,https://img.tatacliq.com/images/1348Wx2000H/MP000000000608507_1348Wx2000H_20161019082521.jpeg,Image,image/jpeg,2,2000X1348.jpeg
MP000000000608507_1,pcm_imageprocessingcompleted,1348Wx2000H,1348Wx2000H/MP000000000608507_1,https://img.tatacliq.com/images/1348Wx2000H/MP000000000608507_1348Wx2000H_20161019082523.jpeg,Image,image/jpeg,1,2000X1348.jpeg
MP000000000608507_1,pcm_imageprocessingcompleted,437Wx649H,437Wx649H/MP000000000608507_1,https://img.tatacliq.com/images/437Wx649H/MP000000000608507_437Wx649H_20161019082523.jpeg,Image,image/jpeg,1,649X437.jpeg
MP000000000608507_1,pcm_imageprocessingcompleted,252Wx374H,252Wx374H/MP000000000608507_1,https://img.tatacliq.com/images/252Wx374H/MP000000000608507_252Wx374H_20161019082523.jpeg,Image,image/jpeg,1,374X252.jpeg
MP000000000608507_1,pcm_imageprocessingcompleted,113Wx168H,113Wx168H/MP000000000608507_1,https://img.tatacliq.com/images/113Wx168H/MP000000000608507_113Wx168H_20161019082523.jpeg,Image,image/jpeg,1,168X113.jpeg
MP000000000608507_2,pcm_imageprocessingcompleted,97Wx144H,97Wx144H/MP000000000608507_2,https://img.tatacliq.com/images/97Wx144H/MP000000000608507_97Wx144H_20161019082521.jpeg,Image,image/jpeg,2,144X97.jpeg
MP000000000608507_4,pcm_imageprocessingcompleted,437Wx649H,437Wx649H/MP000000000608507_4,https://img.tatacliq.com/images/437Wx649H/MP000000000608507_437Wx649H_20161019082517.jpeg,Image,image/jpeg,4,649X437.jpeg
MP000000000608507_4,pcm_imageprocessingcompleted,1348Wx2000H,1348Wx2000H/MP000000000608507_4,https://img.tatacliq.com/images/1348Wx2000H/MP000000000608507_1348Wx2000H_20161019082517.jpeg,Image,image/jpeg,4,2000X1348.jpeg
MP000000000608507_4,pcm_imageprocessingcompleted,252Wx374H,252Wx374H/MP000000000608507_4,https://img.tatacliq.com/images/252Wx374H/MP000000000608507_252Wx374H_20161019082517.jpeg,Image,image/jpeg,4,374X252.jpeg
MP000000000608507_3,pcm_imageprocessingcompleted,1348Wx2000H,1348Wx2000H/MP000000000608507_3,https://img.tatacliq.com/images/1348Wx2000H/MP000000000608507_1348Wx2000H_20161019082519.jpeg,Image,image/jpeg,3,2000X1348.jpeg
MP000000000608507_3,pcm_imageprocessingcompleted,437Wx649H,437Wx649H/MP000000000608507_3,https://img.tatacliq.com/images/437Wx649H/MP000000000608507_437Wx649H_20161019082519.jpeg,Image,image/jpeg,3,649X437.jpeg
MP000000000608507_3,pcm_imageprocessingcompleted,252Wx374H,252Wx374H/MP000000000608507_3,https://img.tatacliq.com/images/252Wx374H/MP000000000608507_252Wx374H_20161019082519.jpeg,Image,image/jpeg,3,374X252.jpeg
MP000000000608507_3,pcm_imageprocessingcompleted,113Wx168H,113Wx168H/MP000000000608507_3,https://img.tatacliq.com/images/113Wx168H/MP000000000608507_113Wx168H_20161019082519.jpeg,Image,image/jpeg,3,168X113.jpeg
MP000000000608507_4,pcm_imageprocessingcompleted,97Wx144H,97Wx144H/MP000000000608507_4,https://img.tatacliq.com/images/97Wx144H/MP000000000608507_97Wx144H_20161019082517.jpeg,Image,image/jpeg,4,144X97.jpeg
MP000000000608507_4,pcm_imageprocessingcompleted,113Wx168H,113Wx168H/MP000000000608507_4,https://img.tatacliq.com/images/113Wx168H/MP000000000608507_113Wx168H_20161019082517.jpeg,Image,image/jpeg,4,168X113.jpeg
MP000000000608507_3,pcm_imageprocessingcompleted,97Wx144H,97Wx144H/MP000000000608507_3,https://img.tatacliq.com/images/97Wx144H/MP000000000608507_97Wx144H_20161019082519.jpeg,Image,image/jpeg,3,144X97.jpeg
MP000000000608507_2,pcm_imageprocessingcompleted,437Wx649H,437Wx649H/MP000000000608507_2,https://img.tatacliq.com/images/437Wx649H/MP000000000608507_437Wx649H_20161019082521.jpeg,Image,image/jpeg,2,649X437.jpeg
MP000000000608507_2,pcm_imageprocessingcompleted,252Wx374H,252Wx374H/MP000000000608507_2,https://img.tatacliq.com/images/252Wx374H/MP000000000608507_252Wx374H_20161019082521.jpeg,Image,image/jpeg,2,374X252.jpeg
MP000000000608507_2,pcm_imageprocessingcompleted,113Wx168H,113Wx168H/MP000000000608507_2,https://img.tatacliq.com/images/113Wx168H/MP000000000608507_113Wx168H_20161019082521.jpeg,Image,image/jpeg,2,168X113.jpeg
MP000000000608507_1,pcm_imageprocessingcompleted,97Wx144H,97Wx144H/MP000000000608507_1,https://img.tatacliq.com/images/97Wx144H/MP000000000608507_97Wx144H_20161019082523.jpeg,Image,image/jpeg,1,144X97.jpeg
MP000000000608852_1,pcm_imageprocessingcompleted,1348Wx2000H,1348Wx2000H/MP000000000608852_1,https://img.tatacliq.com/images/1348Wx2000H/MP000000000608852_1348Wx2000H_20161020191623.jpeg,Image,image/jpeg,1,2000X1348.jpeg
MP000000000608852_1,pcm_imageprocessingcompleted,252Wx374H,252Wx374H/MP000000000608852_1,https://img.tatacliq.com/images/252Wx374H/MP000000000608852_252Wx374H_20161020191623.jpeg,Image,image/jpeg,1,374X252.jpeg
MP000000000608852_1,pcm_imageprocessingcompleted,97Wx144H,97Wx144H/MP000000000608852_1,https://img.tatacliq.com/images/97Wx144H/MP000000000608852_97Wx144H_20161020191623.jpeg,Image,image/jpeg,1,144X97.jpeg
MP000000000608852_1,pcm_imageprocessingcompleted,113Wx168H,113Wx168H/MP000000000608852_1,https://img.tatacliq.com/images/113Wx168H/MP000000000608852_113Wx168H_20161020191623.jpeg,Image,image/jpeg,1,168X113.jpeg
MP000000000608852_4,pcm_imageprocessingcompleted,437Wx649H,437Wx649H/MP000000000608852_4,https://img.tatacliq.com/images/437Wx649H/MP000000000608852_437Wx649H_20161020191629.jpeg,Image,image/jpeg,4,649X437.jpeg
MP000000000608852_4,pcm_imageprocessingcompleted,252Wx374H,252Wx374H/MP000000000608852_4,https://img.tatacliq.com/images/252Wx374H/MP000000000608852_252Wx374H_20161020191629.jpeg,Image,image/jpeg,4,374X252.jpeg
MP000000000608852_4,pcm_imageprocessingcompleted,97Wx144H,97Wx144H/MP000000000608852_4,https://img.tatacliq.com/images/97Wx144H/MP000000000608852_97Wx144H_20161020191629.jpeg,Image,image/jpeg,4,144X97.jpeg
MP000000000608852_4,pcm_imageprocessingcompleted,113Wx168H,113Wx168H/MP000000000608852_4,https://img.tatacliq.com/images/113Wx168H/MP000000000608852_113Wx168H_20161020191629.jpeg,Image,image/jpeg,4,168X113.jpeg
MP000000000608852_2,pcm_imageprocessingcompleted,1348Wx2000H,1348Wx2000H/MP000000000608852_2,https://img.tatacliq.com/images/1348Wx2000H/MP000000000608852_1348Wx2000H_20161020191631.jpeg,Image,image/jpeg,2,2000X1348.jpeg
MP000000000608852_2,pcm_imageprocessingcompleted,252Wx374H,252Wx374H/MP000000000608852_2,https://img.tatacliq.com/images/252Wx374H/MP000000000608852_252Wx374H_20161020191631.jpeg,Image,image/jpeg,2,374X252.jpeg
MP000000000608852_2,pcm_imageprocessingcompleted,97Wx144H,97Wx144H/MP000000000608852_2,https://img.tatacliq.com/images/97Wx144H/MP000000000608852_97Wx144H_20161020191631.jpeg,Image,image/jpeg,2,144X97.jpeg
MP000000000608852_2,pcm_imageprocessingcompleted,113Wx168H,113Wx168H/MP000000000608852_2,https://img.tatacliq.com/images/113Wx168H/MP000000000608852_113Wx168H_20161020191631.jpeg,Image,image/jpeg,2,168X113.jpeg
MP000000000608852_3,pcm_imageprocessingcompleted,1348Wx2000H,1348Wx2000H/MP000000000608852_3,https://img.tatacliq.com/images/1348Wx2000H/MP000000000608852_1348Wx2000H_20161020191633.jpeg,Image,image/jpeg,3,2000X1348.jpeg
MP000000000608852_3,pcm_imageprocessingcompleted,437Wx649H,437Wx649H/MP000000000608852_3,https://img.tatacliq.com/images/437Wx649H/MP000000000608852_437Wx649H_20161020191633.jpeg,Image,image/jpeg,3,649X437.jpeg
MP000000000608852_3,pcm_imageprocessingcompleted,252Wx374H,252Wx374H/MP000000000608852_3,https://img.tatacliq.com/images/252Wx374H/MP000000000608852_252Wx374H_20161020191633.jpeg,Image,image/jpeg,3,374X252.jpeg
MP000000000608852_3,pcm_imageprocessingcompleted,97Wx144H,97Wx144H/MP000000000608852_3,https://img.tatacliq.com/images/97Wx144H/MP000000000608852_97Wx144H_20161020191633.jpeg,Image,image/jpeg,3,144X97.jpeg
MP000000000608852_3,pcm_imageprocessingcompleted,113Wx168H,113Wx168H/MP000000000608852_3,https://img.tatacliq.com/images/113Wx168H/MP000000000608852_113Wx168H_20161020191633.jpeg,Image,image/jpeg,3,168X113.jpeg
MP000000000608852_2,pcm_imageprocessingcompleted,437Wx649H,437Wx649H/MP000000000608852_2,https://img.tatacliq.com/images/437Wx649H/MP000000000608852_437Wx649H_20161020191631.jpeg,Image,image/jpeg,2,649X437.jpeg
MP000000000608852_1,pcm_imageprocessingcompleted,437Wx649H,437Wx649H/MP000000000608852_1,https://img.tatacliq.com/images/437Wx649H/MP000000000608852_437Wx649H_20161020191623.jpeg,Image,image/jpeg,1,649X437.jpeg
MP000000000608852_4,pcm_imageprocessingcompleted,1348Wx2000H,1348Wx2000H/MP000000000608852_4,https://img.tatacliq.com/images/1348Wx2000H/MP000000000608852_1348Wx2000H_20161020191629.jpeg,Image,image/jpeg,4,2000X1348.jpeg
MP000000000625757_1,pcm_imageprocessingcompleted,1348Wx2000H,1348Wx2000H/MP000000000625757_1,https://img.tatacliq.com/images/1348Wx2000H/MP000000000625757_1348Wx2000H_20161025195638.jpeg,Image,image/jpeg,1,2000X1348.jpeg
MP000000000625757_1,pcm_imageprocessingcompleted,437Wx649H,437Wx649H/MP000000000625757_1,https://img.tatacliq.com/images/437Wx649H/MP000000000625757_437Wx649H_20161025195638.jpeg,Image,image/jpeg,1,649X437.jpeg
MP000000000625757_1,pcm_imageprocessingcompleted,113Wx168H,113Wx168H/MP000000000625757_1,https://img.tatacliq.com/images/113Wx168H/MP000000000625757_113Wx168H_20161025195638.jpeg,Image,image/jpeg,1,168X113.jpeg
MP000000000625757_2,pcm_imageprocessingcompleted,1348Wx2000H,1348Wx2000H/MP000000000625757_2,https://img.tatacliq.com/images/1348Wx2000H/MP000000000625757_1348Wx2000H_20161025195641.jpeg,Image,image/jpeg,2,2000X1348.jpeg
MP000000000625757_2,pcm_imageprocessingcompleted,437Wx649H,437Wx649H/MP000000000625757_2,https://img.tatacliq.com/images/437Wx649H/MP000000000625757_437Wx649H_20161025195641.jpeg,Image,image/jpeg,2,649X437.jpeg
MP000000000625757_2,pcm_imageprocessingcompleted,252Wx374H,252Wx374H/MP000000000625757_2,https://img.tatacliq.com/images/252Wx374H/MP000000000625757_252Wx374H_20161025195641.jpeg,Image,image/jpeg,2,374X252.jpeg
MP000000000625768_3,pcm_imageprocessingcompleted,1348Wx2000H,1348Wx2000H/MP000000000625768_3,https://img.tatacliq.com/images/1348Wx2000H/MP000000000625768_1348Wx2000H_20161025195752.jpeg,Image,image/jpeg,3,2000X1348.jpeg
MP000000000625768_3,pcm_imageprocessingcompleted,97Wx144H,97Wx144H/MP000000000625768_3,https://img.tatacliq.com/images/97Wx144H/MP000000000625768_97Wx144H_20161025195752.jpeg,Image,image/jpeg,3,144X97.jpeg
MP000000000625768_1,pcm_imageprocessingcompleted,437Wx649H,437Wx649H/MP000000000625768_1,https://img.tatacliq.com/images/437Wx649H/MP000000000625768_437Wx649H_20161025195757.jpeg,Image,image/jpeg,1,649X437.jpeg
MP000000000625757_3,pcm_imageprocessingcompleted,1348Wx2000H,1348Wx2000H/MP000000000625757_3,https://img.tatacliq.com/images/1348Wx2000H/MP000000000625757_1348Wx2000H_20161025195642.jpeg,Image,image/jpeg,3,2000X1348.jpeg
MP000000000625757_3,pcm_imageprocessingcompleted,437Wx649H,437Wx649H/MP000000000625757_3,https://img.tatacliq.com/images/437Wx649H/MP000000000625757_437Wx649H_20161025195642.jpeg,Image,image/jpeg,3,649X437.jpeg
MP000000000625757_3,pcm_imageprocessingcompleted,252Wx374H,252Wx374H/MP000000000625757_3,https://img.tatacliq.com/images/252Wx374H/MP000000000625757_252Wx374H_20161025195642.jpeg,Image,image/jpeg,3,374X252.jpeg
MP000000000625757_3,pcm_imageprocessingcompleted,97Wx144H,97Wx144H/MP000000000625757_3,https://img.tatacliq.com/images/97Wx144H/MP000000000625757_97Wx144H_20161025195642.jpeg,Image,image/jpeg,3,144X97.jpeg
MP000000000625757_3,pcm_imageprocessingcompleted,113Wx168H,113Wx168H/MP000000000625757_3,https://img.tatacliq.com/images/113Wx168H/MP000000000625757_113Wx168H_20161025195642.jpeg,Image,image/jpeg,3,168X113.jpeg
MP000000000625768_3,pcm_imageprocessingcompleted,437Wx649H,437Wx649H/MP000000000625768_3,https://img.tatacliq.com/images/437Wx649H/MP000000000625768_437Wx649H_20161025195752.jpeg,Image,image/jpeg,3,649X437.jpeg
MP000000000625768_4,pcm_imageprocessingcompleted,252Wx374H,252Wx374H/MP000000000625768_4,https://img.tatacliq.com/images/252Wx374H/MP000000000625768_252Wx374H_20161025195755.jpeg,Image,image/jpeg,4,374X252.jpeg
MP000000000625768_4,pcm_imageprocessingcompleted,97Wx144H,97Wx144H/MP000000000625768_4,https://img.tatacliq.com/images/97Wx144H/MP000000000625768_97Wx144H_20161025195755.jpeg,Image,image/jpeg,4,144X97.jpeg
MP000000000625768_4,pcm_imageprocessingcompleted,113Wx168H,113Wx168H/MP000000000625768_4,https://img.tatacliq.com/images/113Wx168H/MP000000000625768_113Wx168H_20161025195755.jpeg,Image,image/jpeg,4,168X113.jpeg
MP000000000625768_1,pcm_imageprocessingcompleted,1348Wx2000H,1348Wx2000H/MP000000000625768_1,https://img.tatacliq.com/images/1348Wx2000H/MP000000000625768_1348Wx2000H_20161025195757.jpeg,Image,image/jpeg,1,2000X1348.jpeg
MP000000000625768_3,pcm_imageprocessingcompleted,252Wx374H,252Wx374H/MP000000000625768_3,https://img.tatacliq.com/images/252Wx374H/MP000000000625768_252Wx374H_20161025195752.jpeg,Image,image/jpeg,3,374X252.jpeg
MP000000000625768_3,pcm_imageprocessingcompleted,113Wx168H,113Wx168H/MP000000000625768_3,https://img.tatacliq.com/images/113Wx168H/MP000000000625768_113Wx168H_20161025195752.jpeg,Image,image/jpeg,3,168X113.jpeg
MP000000000625768_4,pcm_imageprocessingcompleted,1348Wx2000H,1348Wx2000H/MP000000000625768_4,https://img.tatacliq.com/images/1348Wx2000H/MP000000000625768_1348Wx2000H_20161025195755.jpeg,Image,image/jpeg,4,2000X1348.jpeg
MP000000000625768_4,pcm_imageprocessingcompleted,437Wx649H,437Wx649H/MP000000000625768_4,https://img.tatacliq.com/images/437Wx649H/MP000000000625768_437Wx649H_20161025195755.jpeg,Image,image/jpeg,4,649X437.jpeg
MP000000000625757_1,pcm_imageprocessingcompleted,252Wx374H,252Wx374H/MP000000000625757_1,https://img.tatacliq.com/images/252Wx374H/MP000000000625757_252Wx374H_20161025195638.jpeg,Image,image/jpeg,1,374X252.jpeg
MP000000000625757_1,pcm_imageprocessingcompleted,97Wx144H,97Wx144H/MP000000000625757_1,https://img.tatacliq.com/images/97Wx144H/MP000000000625757_97Wx144H_20161025195638.jpeg,Image,image/jpeg,1,144X97.jpeg
MP000000000625757_2,pcm_imageprocessingcompleted,97Wx144H,97Wx144H/MP000000000625757_2,https://img.tatacliq.com/images/97Wx144H/MP000000000625757_97Wx144H_20161025195641.jpeg,Image,image/jpeg,2,144X97.jpeg
MP000000000625757_2,pcm_imageprocessingcompleted,113Wx168H,113Wx168H/MP000000000625757_2,https://img.tatacliq.com/images/113Wx168H/MP000000000625757_113Wx168H_20161025195641.jpeg,Image,image/jpeg,2,168X113.jpeg
MP000000000625768_2,pcm_imageprocessingcompleted,252Wx374H,252Wx374H/MP000000000625768_2,https://img.tatacliq.com/images/252Wx374H/MP000000000625768_252Wx374H_20161025195800.jpeg,Image,image/jpeg,2,374X252.jpeg
MP000000000625768_1,pcm_imageprocessingcompleted,252Wx374H,252Wx374H/MP000000000625768_1,https://img.tatacliq.com/images/252Wx374H/MP000000000625768_252Wx374H_20161025195757.jpeg,Image,image/jpeg,1,374X252.jpeg
MP000000000625768_1,pcm_imageprocessingcompleted,97Wx144H,97Wx144H/MP000000000625768_1,https://img.tatacliq.com/images/97Wx144H/MP000000000625768_97Wx144H_20161025195757.jpeg,Image,image/jpeg,1,144X97.jpeg
MP000000000625768_1,pcm_imageprocessingcompleted,113Wx168H,113Wx168H/MP000000000625768_1,https://img.tatacliq.com/images/113Wx168H/MP000000000625768_113Wx168H_20161025195757.jpeg,Image,image/jpeg,1,168X113.jpeg
MP000000000625768_2,pcm_imageprocessingcompleted,1348Wx2000H,1348Wx2000H/MP000000000625768_2,https://img.tatacliq.com/images/1348Wx2000H/MP000000000625768_1348Wx2000H_20161025195800.jpeg,Image,image/jpeg,2,2000X1348.jpeg
MP000000000625768_2,pcm_imageprocessingcompleted,437Wx649H,437Wx649H/MP000000000625768_2,https://img.tatacliq.com/images/437Wx649H/MP000000000625768_437Wx649H_20161025195800.jpeg,Image,image/jpeg,2,649X437.jpeg
MP000000000625768_2,pcm_imageprocessingcompleted,97Wx144H,97Wx144H/MP000000000625768_2,https://img.tatacliq.com/images/97Wx144H/MP000000000625768_97Wx144H_20161025195800.jpeg,Image,image/jpeg,2,144X97.jpeg
MP000000000625768_2,pcm_imageprocessingcompleted,113Wx168H,113Wx168H/MP000000000625768_2,https://img.tatacliq.com/images/113Wx168H/MP000000000625768_113Wx168H_20161025195800.jpeg,Image,image/jpeg,2,168X113.jpeg
MP000000000637070_1,pcm_imageprocessingcompleted,252Wx374H,252Wx374H/MP000000000637070_1,https://img.tatacliq.com/images/252Wx374H/MP000000000637070_252Wx374H_20161028184825.jpeg,Image,image/jpeg,1,374X252.jpeg
MP000000000637070_1,pcm_imageprocessingcompleted,97Wx144H,97Wx144H/MP000000000637070_1,https://img.tatacliq.com/images/97Wx144H/MP000000000637070_97Wx144H_20161028184825.jpeg,Image,image/jpeg,1,144X97.jpeg
MP000000000637070_4,pcm_imageprocessingcompleted,1348Wx2000H,1348Wx2000H/MP000000000637070_4,https://img.tatacliq.com/images/1348Wx2000H/MP000000000637070_1348Wx2000H_20161028184821.jpeg,Image,image/jpeg,4,2000X1348.jpeg
MP000000000637070_4,pcm_imageprocessingcompleted,437Wx649H,437Wx649H/MP000000000637070_4,https://img.tatacliq.com/images/437Wx649H/MP000000000637070_437Wx649H_20161028184821.jpeg,Image,image/jpeg,4,649X437.jpeg
MP000000000637070_4,pcm_imageprocessingcompleted,252Wx374H,252Wx374H/MP000000000637070_4,https://img.tatacliq.com/images/252Wx374H/MP000000000637070_252Wx374H_20161028184821.jpeg,Image,image/jpeg,4,374X252.jpeg
MP000000000637070_4,pcm_imageprocessingcompleted,97Wx144H,97Wx144H/MP000000000637070_4,https://img.tatacliq.com/images/97Wx144H/MP000000000637070_97Wx144H_20161028184821.jpeg,Image,image/jpeg,4,144X97.jpeg
MP000000000637070_1,pcm_imageprocessingcompleted,1348Wx2000H,1348Wx2000H/MP000000000637070_1,https://img.tatacliq.com/images/1348Wx2000H/MP000000000637070_1348Wx2000H_20161028184825.jpeg,Image,image/jpeg,1,2000X1348.jpeg
MP000000000637070_1,pcm_imageprocessingcompleted,437Wx649H,437Wx649H/MP000000000637070_1,https://img.tatacliq.com/images/437Wx649H/MP000000000637070_437Wx649H_20161028184825.jpeg,Image,image/jpeg,1,649X437.jpeg
MP000000000637070_3,pcm_imageprocessingcompleted,252Wx374H,252Wx374H/MP000000000637070_3,https://img.tatacliq.com/images/252Wx374H/MP000000000637070_252Wx374H_20161028184826.jpeg,Image,image/jpeg,3,374X252.jpeg
MP000000000637070_3,pcm_imageprocessingcompleted,97Wx144H,97Wx144H/MP000000000637070_3,https://img.tatacliq.com/images/97Wx144H/MP000000000637070_97Wx144H_20161028184826.jpeg,Image,image/jpeg,3,144X97.jpeg
MP000000000637070_3,pcm_imageprocessingcompleted,113Wx168H,113Wx168H/MP000000000637070_3,https://img.tatacliq.com/images/113Wx168H/MP000000000637070_113Wx168H_20161028184826.jpeg,Image,image/jpeg,3,168X113.jpeg
MP000000000637070_2,pcm_imageprocessingcompleted,1348Wx2000H,1348Wx2000H/MP000000000637070_2,https://img.tatacliq.com/images/1348Wx2000H/MP000000000637070_1348Wx2000H_20161028184828.jpeg,Image,image/jpeg,2,2000X1348.jpeg
MP000000000637070_2,pcm_imageprocessingcompleted,437Wx649H,437Wx649H/MP000000000637070_2,https://img.tatacliq.com/images/437Wx649H/MP000000000637070_437Wx649H_20161028184828.jpeg,Image,image/jpeg,2,649X437.jpeg
MP000000000637070_2,pcm_imageprocessingcompleted,252Wx374H,252Wx374H/MP000000000637070_2,https://img.tatacliq.com/images/252Wx374H/MP000000000637070_252Wx374H_20161028184828.jpeg,Image,image/jpeg,2,374X252.jpeg
MP000000000637070_2,pcm_imageprocessingcompleted,97Wx144H,97Wx144H/MP000000000637070_2,https://img.tatacliq.com/images/97Wx144H/MP000000000637070_97Wx144H_20161028184828.jpeg,Image,image/jpeg,2,144X97.jpeg
MP000000000637070_2,pcm_imageprocessingcompleted,113Wx168H,113Wx168H/MP000000000637070_2,https://img.tatacliq.com/images/113Wx168H/MP000000000637070_113Wx168H_20161028184828.jpeg,Image,image/jpeg,2,168X113.jpeg
MP000000000637070_3,pcm_imageprocessingcompleted,1348Wx2000H,1348Wx2000H/MP000000000637070_3,https://img.tatacliq.com/images/1348Wx2000H/MP000000000637070_1348Wx2000H_20161028184826.jpeg,Image,image/jpeg,3,2000X1348.jpeg
MP000000000637070_3,pcm_imageprocessingcompleted,437Wx649H,437Wx649H/MP000000000637070_3,https://img.tatacliq.com/images/437Wx649H/MP000000000637070_437Wx649H_20161028184826.jpeg,Image,image/jpeg,3,649X437.jpeg
MP000000000637070_4,pcm_imageprocessingcompleted,113Wx168H,113Wx168H/MP000000000637070_4,https://img.tatacliq.com/images/113Wx168H/MP000000000637070_113Wx168H_20161028184821.jpeg,Image,image/jpeg,4,168X113.jpeg
MP000000000637070_1,pcm_imageprocessingcompleted,113Wx168H,113Wx168H/MP000000000637070_1,https://img.tatacliq.com/images/113Wx168H/MP000000000637070_113Wx168H_20161028184825.jpeg,Image,image/jpeg,1,168X113.jpeg
MP000000000637079_3,pcm_imageprocessingcompleted,1348Wx2000H,1348Wx2000H/MP000000000637079_3,https://img.tatacliq.com/images/1348Wx2000H/MP000000000637079_1348Wx2000H_20161028185002.jpeg,Image,image/jpeg,3,2000X1348.jpeg
MP000000000637079_3,pcm_imageprocessingcompleted,252Wx374H,252Wx374H/MP000000000637079_3,https://img.tatacliq.com/images/252Wx374H/MP000000000637079_252Wx374H_20161028185002.jpeg,Image,image/jpeg,3,374X252.jpeg
MP000000000637081_4,pcm_imageprocessingcompleted,252Wx374H,252Wx374H/MP000000000637081_4,https://img.tatacliq.com/images/252Wx374H/MP000000000637081_252Wx374H_20161028185003.jpeg,Image,image/jpeg,4,374X252.jpeg
MP000000000637081_4,pcm_imageprocessingcompleted,97Wx144H,97Wx144H/MP000000000637081_4,https://img.tatacliq.com/images/97Wx144H/MP000000000637081_97Wx144H_20161028185003.jpeg,Image,image/jpeg,4,144X97.jpeg
MP000000000637081_4,pcm_imageprocessingcompleted,113Wx168H,113Wx168H/MP000000000637081_4,https://img.tatacliq.com/images/113Wx168H/MP000000000637081_113Wx168H_20161028185003.jpeg,Image,image/jpeg,4,168X113.jpeg
MP000000000637081_1,pcm_imageprocessingcompleted,1348Wx2000H,1348Wx2000H/MP000000000637081_1,https://img.tatacliq.com/images/1348Wx2000H/MP000000000637081_1348Wx2000H_20161028185005.jpeg,Image,image/jpeg,1,2000X1348.jpeg
MP000000000637081_1,pcm_imageprocessingcompleted,252Wx374H,252Wx374H/MP000000000637081_1,https://img.tatacliq.com/images/252Wx374H/MP000000000637081_252Wx374H_20161028185005.jpeg,Image,image/jpeg,1,374X252.jpeg
MP000000000637079_1,pcm_imageprocessingcompleted,113Wx168H,113Wx168H/MP000000000637079_1,https://img.tatacliq.com/images/113Wx168H/MP000000000637079_113Wx168H_20161028185005.jpeg,Image,image/jpeg,1,168X113.jpeg
MP000000000637081_1,pcm_imageprocessingcompleted,113Wx168H,113Wx168H/MP000000000637081_1,https://img.tatacliq.com/images/113Wx168H/MP000000000637081_113Wx168H_20161028185005.jpeg,Image,image/jpeg,1,168X113.jpeg
MP000000000637081_2,pcm_imageprocessingcompleted,437Wx649H,437Wx649H/MP000000000637081_2,https://img.tatacliq.com/images/437Wx649H/MP000000000637081_437Wx649H_20161028185007.jpeg,Image,image/jpeg,2,649X437.jpeg
MP000000000637079_1,pcm_imageprocessingcompleted,97Wx144H,97Wx144H/MP000000000637079_1,https://img.tatacliq.com/images/97Wx144H/MP000000000637079_97Wx144H_20161028185005.jpeg,Image,image/jpeg,1,144X97.jpeg
MP000000000637081_3,pcm_imageprocessingcompleted,1348Wx2000H,1348Wx2000H/MP000000000637081_3,https://img.tatacliq.com/images/1348Wx2000H/MP000000000637081_1348Wx2000H_20161028185001.jpeg,Image,image/jpeg,3,2000X1348.jpeg
MP000000000637081_3,pcm_imageprocessingcompleted,437Wx649H,437Wx649H/MP000000000637081_3,https://img.tatacliq.com/images/437Wx649H/MP000000000637081_437Wx649H_20161028185001.jpeg,Image,image/jpeg,3,649X437.jpeg
MP000000000637081_3,pcm_imageprocessingcompleted,113Wx168H,113Wx168H/MP000000000637081_3,https://img.tatacliq.com/images/113Wx168H/MP000000000637081_113Wx168H_20161028185001.jpeg,Image,image/jpeg,3,168X113.jpeg
MP000000000637079_3,pcm_imageprocessingcompleted,437Wx649H,437Wx649H/MP000000000637079_3,https://img.tatacliq.com/images/437Wx649H/MP000000000637079_437Wx649H_20161028185002.jpeg,Image,image/jpeg,3,649X437.jpeg
MP000000000637081_4,pcm_imageprocessingcompleted,1348Wx2000H,1348Wx2000H/MP000000000637081_4,https://img.tatacliq.com/images/1348Wx2000H/MP000000000637081_1348Wx2000H_20161028185003.jpeg,Image,image/jpeg,4,2000X1348.jpeg
MP000000000637081_4,pcm_imageprocessingcompleted,437Wx649H,437Wx649H/MP000000000637081_4,https://img.tatacliq.com/images/437Wx649H/MP000000000637081_437Wx649H_20161028185003.jpeg,Image,image/jpeg,4,649X437.jpeg
MP000000000637079_3,pcm_imageprocessingcompleted,97Wx144H,97Wx144H/MP000000000637079_3,https://img.tatacliq.com/images/97Wx144H/MP000000000637079_97Wx144H_20161028185002.jpeg,Image,image/jpeg,3,144X97.jpeg
MP000000000637079_3,pcm_imageprocessingcompleted,113Wx168H,113Wx168H/MP000000000637079_3,https://img.tatacliq.com/images/113Wx168H/MP000000000637079_113Wx168H_20161028185002.jpeg,Image,image/jpeg,3,168X113.jpeg
MP000000000637079_1,pcm_imageprocessingcompleted,1348Wx2000H,1348Wx2000H/MP000000000637079_1,https://img.tatacliq.com/images/1348Wx2000H/MP000000000637079_1348Wx2000H_20161028185005.jpeg,Image,image/jpeg,1,2000X1348.jpeg
MP000000000637079_1,pcm_imageprocessingcompleted,437Wx649H,437Wx649H/MP000000000637079_1,https://img.tatacliq.com/images/437Wx649H/MP000000000637079_437Wx649H_20161028185005.jpeg,Image,image/jpeg,1,649X437.jpeg
MP000000000637079_1,pcm_imageprocessingcompleted,252Wx374H,252Wx374H/MP000000000637079_1,https://img.tatacliq.com/images/252Wx374H/MP000000000637079_252Wx374H_20161028185005.jpeg,Image,image/jpeg,1,374X252.jpeg
MP000000000637081_1,pcm_imageprocessingcompleted,437Wx649H,437Wx649H/MP000000000637081_1,https://img.tatacliq.com/images/437Wx649H/MP000000000637081_437Wx649H_20161028185005.jpeg,Image,image/jpeg,1,649X437.jpeg
MP000000000637081_1,pcm_imageprocessingcompleted,97Wx144H,97Wx144H/MP000000000637081_1,https://img.tatacliq.com/images/97Wx144H/MP000000000637081_97Wx144H_20161028185005.jpeg,Image,image/jpeg,1,144X97.jpeg
MP000000000637079_2,pcm_imageprocessingcompleted,1348Wx2000H,1348Wx2000H/MP000000000637079_2,https://img.tatacliq.com/images/1348Wx2000H/MP000000000637079_1348Wx2000H_20161028185007.jpeg,Image,image/jpeg,2,2000X1348.jpeg
MP000000000637081_2,pcm_imageprocessingcompleted,1348Wx2000H,1348Wx2000H/MP000000000637081_2,https://img.tatacliq.com/images/1348Wx2000H/MP000000000637081_1348Wx2000H_20161028185007.jpeg,Image,image/jpeg,2,2000X1348.jpeg
MP000000000637079_2,pcm_imageprocessingcompleted,437Wx649H,437Wx649H/MP000000000637079_2,https://img.tatacliq.com/images/437Wx649H/MP000000000637079_437Wx649H_20161028185007.jpeg,Image,image/jpeg,2,649X437.jpeg
MP000000000637079_2,pcm_imageprocessingcompleted,252Wx374H,252Wx374H/MP000000000637079_2,https://img.tatacliq.com/images/252Wx374H/MP000000000637079_252Wx374H_20161028185007.jpeg,Image,image/jpeg,2,374X252.jpeg
MP000000000637081_2,pcm_imageprocessingcompleted,252Wx374H,252Wx374H/MP000000000637081_2,https://img.tatacliq.com/images/252Wx374H/MP000000000637081_252Wx374H_20161028185007.jpeg,Image,image/jpeg,2,374X252.jpeg
MP000000000637079_2,pcm_imageprocessingcompleted,97Wx144H,97Wx144H/MP000000000637079_2,https://img.tatacliq.com/images/97Wx144H/MP000000000637079_97Wx144H_20161028185007.jpeg,Image,image/jpeg,2,144X97.jpeg
MP000000000637081_2,pcm_imageprocessingcompleted,97Wx144H,97Wx144H/MP000000000637081_2,https://img.tatacliq.com/images/97Wx144H/MP000000000637081_97Wx144H_20161028185007.jpeg,Image,image/jpeg,2,144X97.jpeg
MP000000000637079_2,pcm_imageprocessingcompleted,113Wx168H,113Wx168H/MP000000000637079_2,https://img.tatacliq.com/images/113Wx168H/MP000000000637079_113Wx168H_20161028185007.jpeg,Image,image/jpeg,2,168X113.jpeg
MP000000000637081_3,pcm_imageprocessingcompleted,252Wx374H,252Wx374H/MP000000000637081_3,https://img.tatacliq.com/images/252Wx374H/MP000000000637081_252Wx374H_20161028185001.jpeg,Image,image/jpeg,3,374X252.jpeg
MP000000000637081_3,pcm_imageprocessingcompleted,97Wx144H,97Wx144H/MP000000000637081_3,https://img.tatacliq.com/images/97Wx144H/MP000000000637081_97Wx144H_20161028185001.jpeg,Image,image/jpeg,3,144X97.jpeg
MP000000000637081_2,pcm_imageprocessingcompleted,113Wx168H,113Wx168H/MP000000000637081_2,https://img.tatacliq.com/images/113Wx168H/MP000000000637081_113Wx168H_20161028185007.jpeg,Image,image/jpeg,2,168X113.jpeg
