connectivityfeatures:pcmClassification:1:pcmClassification:1:smartphonestf:pcmClassification:1,MP000000000595961,pcmClassification/1/smartphonestf.connectivityfeatures,,1,"string,4G\, 3G\, Bluetooth\, USB\, GPS\, Radio"
operatingfrequency:pcmClassification:1:pcmClassification:1:smartphonestf:pcmClassification:1,MP000000000595961,pcmClassification/1/smartphonestf.operatingfrequency,,4,"enum,pcmClassification,1,operatingfrequencygsmlte"
frontcamera:pcmClassification:1:pcmClassification:1:smartphonesca:pcmClassification:1,MP000000000595961,pcmClassification/1/smartphonesca.frontcamera,,4,"enum,pcmClassification,1,frontcamera8mp"
colorelectronics:pcmClassification:1:pcmClassification:1:smartphonesgf:pcmClassification:1,MP000000000595961,pcmClassification/1/smartphonesgf.colorelectronics,,4,"enum,pcmClassification,1,gold"
operatingsystemsmartphones:pcmClassification:1:pcmClassification:1:smartphonesgf3:pcmClassification:1,MP000000000595961,pcmClassification/1/smartphonesgf3.operatingsystemsmartphones,,4,"enum,pcmClassification,1,operatingsystemsmartphonesandroid60marshmallow"
performancefeatures:pcmClassification:1:pcmClassification:1:electronicstf:pcmClassification:1,MP000000000595961,pcmClassification/1/electronicstf.performancefeatures,,1,"string,This Gionee smartphone runs on octa-core processor and Mediatek MT6755 chipset."
processorsmartphone:pcmClassification:1:pcmClassification:1:smartphonesgf3:pcmClassification:1,MP000000000595961,pcmClassification/1/smartphonesgf3.processorsmartphone,,4,"enum,pcmClassification,1,processorsmartphoneoctacore"
warrantysummary:pcmClassification:1:pcmClassification:1:electronicswa:pcmClassification:1,MP000000000595961,pcmClassification/1/electronicswa.warrantysummary,,1,"string,1 Year warranty on product & 6 months warranty on box accessories"
inthebox:pcmClassification:1:pcmClassification:1:electronicsinthebox:pcmClassification:1,MP000000000595961,pcmClassification/1/electronicsinthebox.inthebox,,1,"string,Handset\, Earphone\, Travel Charger (2A)\, Data Cable\, User Manual\, Warranty Card\, Protective Film and Transparent Cover"
modelnumber:pcmClassification:1:pcmClassification:1:electronicsmodelnumber:pcmClassification:1,MP000000000595961,pcmClassification/1/electronicsmodelnumber.modelnumber,,1,"string,S6 Pro"
primarycamera:pcmClassification:1:pcmClassification:1:smartphonesca:pcmClassification:1,MP000000000595961,pcmClassification/1/smartphonesca.primarycamera,,4,"enum,pcmClassification,1,13mp"
videorecording:pcmClassification:1:pcmClassification:1:smartphonesca:pcmClassification:1,MP000000000595961,pcmClassification/1/smartphonesca.videorecording,,4,"enum,pcmClassification,1,1080pat30fps"
multimedia:pcmClassification:1:pcmClassification:1:smartphonesmm:pcmClassification:1,MP000000000595961,pcmClassification/1/smartphonesmm.multimedia,,4,"enum,pcmClassification,1,multimediamp3mp4mpegavi"
additionalfeatures:pcmClassification:1:pcmClassification:1:smartphonesaf:pcmClassification:1,MP000000000595961,pcmClassification/1/smartphonesaf.additionalfeatures,,1,"string,Sensors: Fingerprint\, accelerometer\, gyro"
feature1:pcmClassification:1:pcmClassification:1:electronicsdepthproduct:pcmClassification:1,MP000000000595961,pcmClassification/1/electronicsdepthproduct.feature1,,1,"string,4 GB RAM and 64 GB ROM (Expandable upto 128 GB)"
feature4:pcmClassification:1:pcmClassification:1:electronicsfeature3:pcmClassification:1,MP000000000595961,pcmClassification/1/electronicsfeature3.feature4,,1,"string,Battery Capacity: 3130 mAh"
flash:pcmClassification:1:pcmClassification:1:smartphonesca:pcmClassification:1,MP000000000595961,pcmClassification/1/smartphonesca.flash,,4,"enum,pcmClassification,1,ledflash"
uniquething:pcmClassification:1:pcmClassification:1:electronicsaf:pcmClassification:1,MP000000000595961,pcmClassification/1/electronicsaf.uniquething,,1,"string,Selfie Flash"
warrantydescription:pcmClassification:1:pcmClassification:1:electronicswa:pcmClassification:1,MP000000000595961,pcmClassification/1/electronicswa.warrantydescription,,1,"string,1 Year"
simtype:pcmClassification:1:pcmClassification:1:simtypecc:pcmClassification:1,MP000000000595961,pcmClassification/1/simtypecc.simtype,,4,"enum,pcmClassification,1,dualsim"
feature3:pcmClassification:1:pcmClassification:1:electronicsfeature2:pcmClassification:1,MP000000000595961,pcmClassification/1/electronicsfeature2.feature3,,1,"string,13 MP Rear & 8 MP Front Camera"
memorysmartphone:pcmClassification:1:pcmClassification:1:smartphonesms:pcmClassification:1,MP000000000595961,pcmClassification/1/smartphonesms.memorysmartphone,,4,"enum,pcmClassification,1,memorysmartphone64gb"
connectivitysmartphone:pcmClassification:1:pcmClassification:1:smartphonesaf:pcmClassification:1,MP000000000595961,pcmClassification/1/smartphonesaf.connectivitysmartphone,,4,"enum,pcmClassification,1,4g"
heightproduct:pcmClassification:1:pcmClassification:1:electronicsdm:pcmClassification:1,MP000000000595961,pcmClassification/1/electronicsdm.heightproduct,,3,"number,15.3"
widthproduct:pcmClassification:1:pcmClassification:1:electronicsdm:pcmClassification:1,MP000000000595961,pcmClassification/1/electronicsdm.widthproduct,,3,"number,7.53"
screensizesmartphone:pcmClassification:1:pcmClassification:1:smartphonesdf:pcmClassification:1,MP000000000595961,pcmClassification/1/smartphonesdf.screensizesmartphone,,4,"enum,pcmClassification,1,5d5inches"
simsizesmartphones:pcmClassification:1:pcmClassification:1:smartphonesgf3:pcmClassification:1,MP000000000595961,pcmClassification/1/smartphonesgf3.simsizesmartphones,,4,"enum,pcmClassification,1,simsizesmartphonesmicroandnano"
depthproduct:pcmClassification:1:pcmClassification:1:electronicsdm:pcmClassification:1,MP000000000595961,pcmClassification/1/electronicsdm.depthproduct,,3,"number,0.76"
camerafeatures:pcmClassification:1:pcmClassification:1:smartphonesca:pcmClassification:1,MP000000000595961,pcmClassification/1/smartphonesca.camerafeatures,,4,"enum,pcmClassification,1,camerafeaturesautofocusfacerecognitiongeotagging"
colorfreetextelectronics:pcmClassification:1:pcmClassification:1:electronicscolorfreetext:pcmClassification:1,MP000000000595961,pcmClassification/1/electronicscolorfreetext.colorfreetextelectronics,,1,"string,Rose Gold"
memorytablet:pcmClassification:1:pcmClassification:1:smartphonesms:pcmClassification:1,MP000000000595961,pcmClassification/1/smartphonesms.memorytablet,,4,"enum,pcmClassification,1,hyphen"
weight:pcmClassification:1:pcmClassification:1:electronicsdm:pcmClassification:1,MP000000000595961,pcmClassification/1/electronicsdm.weight,,3,"number,170"
feature2:pcmClassification:1:pcmClassification:1:electronicsfeature1:pcmClassification:1,MP000000000595961,pcmClassification/1/electronicsfeature1.feature2,,1,"string,Screen Size:5.5 inches\, 1920x1080 pixels"
ram:pcmClassification:1:pcmClassification:1:smartphonesms:pcmClassification:1,MP000000000595961,pcmClassification/1/smartphonesms.ram,,4,"enum,pcmClassification,1,4gb"
displayfeatures:pcmClassification:1:pcmClassification:1:smartphonesdf:pcmClassification:1,MP000000000595961,pcmClassification/1/smartphonesdf.displayfeatures,,1,"string,IPS LCD capacitive touchscreen\, 16M colors"
videorecording:pcmClassification:1:pcmClassification:1:smartphonesca:pcmClassification:1,MP000000000598885,pcmClassification/1/smartphonesca.videorecording,,4,"enum,pcmClassification,1,1080p"
warrantysummary:pcmClassification:1:pcmClassification:1:electronicswa:pcmClassification:1,MP000000000598885,pcmClassification/1/electronicswa.warrantysummary,,1,"string,6 Months manufacturer warranty on box accessories"
camerafeatures:pcmClassification:1:pcmClassification:1:smartphonesca:pcmClassification:1,MP000000000598885,pcmClassification/1/smartphonesca.camerafeatures,,4,"enum,pcmClassification,1,camerafeatures8mpwithledflash"
memorysmartphone:pcmClassification:1:pcmClassification:1:smartphonesms:pcmClassification:1,MP000000000598885,pcmClassification/1/smartphonesms.memorysmartphone,,4,"enum,pcmClassification,1,memorysmartphone16gb"
widthproduct:pcmClassification:1:pcmClassification:1:electronicsdm:pcmClassification:1,MP000000000598885,pcmClassification/1/electronicsdm.widthproduct,,3,"number,7.1"
screensizesmartphone:pcmClassification:1:pcmClassification:1:smartphonesdf:pcmClassification:1,MP000000000598885,pcmClassification/1/smartphonesdf.screensizesmartphone,,4,"enum,pcmClassification,1,5inches"
flash:pcmClassification:1:pcmClassification:1:smartphonesca:pcmClassification:1,MP000000000598885,pcmClassification/1/smartphonesca.flash,,4,"enum,pcmClassification,1,ledflash"
multimedia:pcmClassification:1:pcmClassification:1:smartphonesmm:pcmClassification:1,MP000000000598885,pcmClassification/1/smartphonesmm.multimedia,,4,"enum,pcmClassification,1,multimediamp4avi"
heightproduct:pcmClassification:1:pcmClassification:1:electronicsdm:pcmClassification:1,MP000000000598885,pcmClassification/1/electronicsdm.heightproduct,,3,"number,14.31"
displayfeatures:pcmClassification:1:pcmClassification:1:smartphonesdf:pcmClassification:1,MP000000000598885,pcmClassification/1/smartphonesdf.displayfeatures,,1,"string,IPS TFT HD Display"
depthproduct:pcmClassification:1:pcmClassification:1:electronicsdm:pcmClassification:1,MP000000000598885,pcmClassification/1/electronicsdm.depthproduct,,3,"number,0.76"
operatingfrequency:pcmClassification:1:pcmClassification:1:smartphonestf:pcmClassification:1,MP000000000598885,pcmClassification/1/smartphonestf.operatingfrequency,,4,"enum,pcmClassification,1,operatingfrequencygsmlte"
processorsmartphone:pcmClassification:1:pcmClassification:1:smartphonesgf3:pcmClassification:1,MP000000000598885,pcmClassification/1/smartphonesgf3.processorsmartphone,,4,"enum,pcmClassification,1,processorsmartphonequadcore12ghz"
primarycamera:pcmClassification:1:pcmClassification:1:smartphonesca:pcmClassification:1,MP000000000598885,pcmClassification/1/smartphonesca.primarycamera,,4,"enum,pcmClassification,1,8mp"
simsizesmartphones:pcmClassification:1:pcmClassification:1:smartphonesgf3:pcmClassification:1,MP000000000598885,pcmClassification/1/smartphonesgf3.simsizesmartphones,,4,"enum,pcmClassification,1,nano"
additionalfeatures:pcmClassification:1:pcmClassification:1:smartphonesaf:pcmClassification:1,MP000000000598885,pcmClassification/1/smartphonesaf.additionalfeatures,,1,"string,Oppo ColorOS 3.0 User Interface"
uniquething:pcmClassification:1:pcmClassification:1:electronicsaf:pcmClassification:1,MP000000000598885,pcmClassification/1/electronicsaf.uniquething,,1,"string,Bright Selfie"
ram:pcmClassification:1:pcmClassification:1:smartphonesms:pcmClassification:1,MP000000000598885,pcmClassification/1/smartphonesms.ram,,4,"enum,pcmClassification,1,2gb"
colorelectronics:pcmClassification:1:pcmClassification:1:smartphonesgf:pcmClassification:1,MP000000000598885,pcmClassification/1/smartphonesgf.colorelectronics,,4,"enum,pcmClassification,1,grey"
warrantydescription:pcmClassification:1:pcmClassification:1:electronicswa:pcmClassification:1,MP000000000598885,pcmClassification/1/electronicswa.warrantydescription,,1,"string,1 year manufacturer warranty on the product"
performancefeatures:pcmClassification:1:pcmClassification:1:electronicstf:pcmClassification:1,MP000000000598885,pcmClassification/1/electronicstf.performancefeatures,,1,"string,This Oppo smartphone runs on Quad-core 1.2 GHz processor and MSM 8916 chipset."
feature4:pcmClassification:1:pcmClassification:1:electronicsfeature3:pcmClassification:1,MP000000000598885,pcmClassification/1/electronicsfeature3.feature4,,1,"string,Battery Capacity: 2630 mAh"
frontcamera:pcmClassification:1:pcmClassification:1:smartphonesca:pcmClassification:1,MP000000000598885,pcmClassification/1/smartphonesca.frontcamera,,4,"enum,pcmClassification,1,frontcamera5mp"
modelnumber:pcmClassification:1:pcmClassification:1:electronicsmodelnumber:pcmClassification:1,MP000000000598885,pcmClassification/1/electronicsmodelnumber.modelnumber,,1,"string,A37"
feature1:pcmClassification:1:pcmClassification:1:electronicsdepthproduct:pcmClassification:1,MP000000000598885,pcmClassification/1/electronicsdepthproduct.feature1,,1,"string,2 GB RAM and 16 GB ROM(Expandable upto 128 GB)"
connectivitysmartphone:pcmClassification:1:pcmClassification:1:smartphonesaf:pcmClassification:1,MP000000000598885,pcmClassification/1/smartphonesaf.connectivitysmartphone,,4,"enum,pcmClassification,1,4g"
memorytablet:pcmClassification:1:pcmClassification:1:smartphonesms:pcmClassification:1,MP000000000598885,pcmClassification/1/smartphonesms.memorytablet,,4,"enum,pcmClassification,1,hyphen"
colorfreetextelectronics:pcmClassification:1:pcmClassification:1:electronicscolorfreetext:pcmClassification:1,MP000000000598885,pcmClassification/1/electronicscolorfreetext.colorfreetextelectronics,,1,"string,Grey"
operatingsystemsmartphones:pcmClassification:1:pcmClassification:1:smartphonesgf3:pcmClassification:1,MP000000000598885,pcmClassification/1/smartphonesgf3.operatingsystemsmartphones,,4,"enum,pcmClassification,1,operatingsystemsmartphonesandroid51lollipop"
feature3:pcmClassification:1:pcmClassification:1:electronicsfeature2:pcmClassification:1,MP000000000598885,pcmClassification/1/electronicsfeature2.feature3,,1,"string,8 MP Rear & 5 MP Front Camera"
inthebox:pcmClassification:1:pcmClassification:1:electronicsinthebox:pcmClassification:1,MP000000000598885,pcmClassification/1/electronicsinthebox.inthebox,,1,"string,Handset\, Charger\, Headphone\, Sim Ejector Tool\, Micro USB Cable\, Case"
weight:pcmClassification:1:pcmClassification:1:electronicsdm:pcmClassification:1,MP000000000598885,pcmClassification/1/electronicsdm.weight,,3,"number,136"
connectivityfeatures:pcmClassification:1:pcmClassification:1:smartphonestf:pcmClassification:1,MP000000000598885,pcmClassification/1/smartphonestf.connectivityfeatures,,1,"string,4G\, Bluetooth\, USB Tethering"
feature2:pcmClassification:1:pcmClassification:1:electronicsfeature1:pcmClassification:1,MP000000000598885,pcmClassification/1/electronicsfeature1.feature2,,1,"string,Screen Size: 5 inches\, 1280x720 pixels (IPS TFT)"
simtype:pcmClassification:1:pcmClassification:1:simtypecc:pcmClassification:1,MP000000000598885,pcmClassification/1/simtypecc.simtype,,4,"enum,pcmClassification,1,dualsim"
depthproduct:pcmClassification:1:pcmClassification:1:electronicsdm:pcmClassification:1,MP000000000608507,pcmClassification/1/electronicsdm.depthproduct,,3,"number,0.81"
connectivitysmartphone:pcmClassification:1:pcmClassification:1:smartphonesaf:pcmClassification:1,MP000000000608507,pcmClassification/1/smartphonesaf.connectivitysmartphone,,4,"enum,pcmClassification,1,4g"
displayfeatures:pcmClassification:1:pcmClassification:1:smartphonesdf:pcmClassification:1,MP000000000608507,pcmClassification/1/smartphonesdf.displayfeatures,,1,"string,720 x 1280 pixels (HD) TFT Display"
seriesname:pcmClassification:1:pcmClassification:1:electronicsseriesname:pcmClassification:1,MP000000000608507,pcmClassification/1/electronicsseriesname.seriesname,,1,"string,Galaxy"
heightproduct:pcmClassification:1:pcmClassification:1:electronicsdm:pcmClassification:1,MP000000000608507,pcmClassification/1/electronicsdm.heightproduct,,3,"number,14.28"
feature1:pcmClassification:1:pcmClassification:1:electronicsdepthproduct:pcmClassification:1,MP000000000608507,pcmClassification/1/electronicsdepthproduct.feature1,,1,"string,2 GB RAM & 16 GB ROM(Expandable upto 256 GB)"
multimedia:pcmClassification:1:pcmClassification:1:smartphonesmm:pcmClassification:1,MP000000000608507,pcmClassification/1/smartphonesmm.multimedia,,4,"enum,pcmClassification,1,yes"
memorysmartphone:pcmClassification:1:pcmClassification:1:smartphonesms:pcmClassification:1,MP000000000608507,pcmClassification/1/smartphonesms.memorysmartphone,,4,"enum,pcmClassification,1,memorysmartphone16gb"
warrantysummary:pcmClassification:1:pcmClassification:1:electronicswa:pcmClassification:1,MP000000000608507,pcmClassification/1/electronicswa.warrantysummary,,1,"string,Manufacturer Warranty"
modelnumber:pcmClassification:1:pcmClassification:1:electronicsmodelnumber:pcmClassification:1,MP000000000608507,pcmClassification/1/electronicsmodelnumber.modelnumber,,1,"string,J5 Prime"
simsizesmartphones:pcmClassification:1:pcmClassification:1:smartphonesgf3:pcmClassification:1,MP000000000608507,pcmClassification/1/smartphonesgf3.simsizesmartphones,,4,"enum,pcmClassification,1,nano"
weight:pcmClassification:1:pcmClassification:1:electronicsdm:pcmClassification:1,MP000000000608507,pcmClassification/1/electronicsdm.weight,,3,"number,143"
operatingfrequency:pcmClassification:1:pcmClassification:1:smartphonestf:pcmClassification:1,MP000000000608507,pcmClassification/1/smartphonestf.operatingfrequency,,4,"enum,pcmClassification,1,operatingfrequencygsmlte"
warrantydescription:pcmClassification:1:pcmClassification:1:electronicswa:pcmClassification:1,MP000000000608507,pcmClassification/1/electronicswa.warrantydescription,,1,"string,1 Year"
connectivityfeatures:pcmClassification:1:pcmClassification:1:smartphonestf:pcmClassification:1,MP000000000608507,pcmClassification/1/smartphonestf.connectivityfeatures,,1,"string,Bluetooth\, Wi-fi\, NFC\, GPS\, 3.5mm Jack"
feature2:pcmClassification:1:pcmClassification:1:electronicsfeature1:pcmClassification:1,MP000000000608507,pcmClassification/1/electronicsfeature1.feature2,,1,"string,5 Inches\, 720 x 1280 (HD) Display"
frontcamera:pcmClassification:1:pcmClassification:1:smartphonesca:pcmClassification:1,MP000000000608507,pcmClassification/1/smartphonesca.frontcamera,,4,"enum,pcmClassification,1,frontcamera5mp"
videorecording:pcmClassification:1:pcmClassification:1:smartphonesca:pcmClassification:1,MP000000000608507,pcmClassification/1/smartphonesca.videorecording,,4,"enum,pcmClassification,1,fhdof1920cross1080at30fps"
colorfreetextelectronics:pcmClassification:1:pcmClassification:1:electronicscolorfreetext:pcmClassification:1,MP000000000608507,pcmClassification/1/electronicscolorfreetext.colorfreetextelectronics,,1,"string,Black"
feature4:pcmClassification:1:pcmClassification:1:electronicsfeature3:pcmClassification:1,MP000000000608507,pcmClassification/1/electronicsfeature3.feature4,,1,"string,2400 mAh (Up to 13 hrs talk time)"
operatingsystemsmartphones:pcmClassification:1:pcmClassification:1:smartphonesgf3:pcmClassification:1,MP000000000608507,pcmClassification/1/smartphonesgf3.operatingsystemsmartphones,,4,"enum,pcmClassification,1,operatingsystemsmartphonesandroidv6p0p1marshmallow"
feature3:pcmClassification:1:pcmClassification:1:electronicsfeature2:pcmClassification:1,MP000000000608507,pcmClassification/1/electronicsfeature2.feature3,,1,"string,13 MP Rear & 5 MP Front Camera"
inthebox:pcmClassification:1:pcmClassification:1:electronicsinthebox:pcmClassification:1,MP000000000608507,pcmClassification/1/electronicsinthebox.inthebox,,1,"string,Handset\, Charger\, Battery\, Hands-free Earphone\, User Manual"
performancefeatures:pcmClassification:1:pcmClassification:1:electronicstf:pcmClassification:1,MP000000000608507,pcmClassification/1/electronicstf.performancefeatures,,1,"string,1.4 GHz Quad-Core Processor"
processorsmartphone:pcmClassification:1:pcmClassification:1:smartphonesgf3:pcmClassification:1,MP000000000608507,pcmClassification/1/smartphonesgf3.processorsmartphone,,4,"enum,pcmClassification,1,1d4ghzquadcoreprocessor"
primarycamera:pcmClassification:1:pcmClassification:1:smartphonesca:pcmClassification:1,MP000000000608507,pcmClassification/1/smartphonesca.primarycamera,,4,"enum,pcmClassification,1,13mp"
colorelectronics:pcmClassification:1:pcmClassification:1:smartphonesgf:pcmClassification:1,MP000000000608507,pcmClassification/1/smartphonesgf.colorelectronics,,4,"enum,pcmClassification,1,black"
screensizesmartphone:pcmClassification:1:pcmClassification:1:smartphonesdf:pcmClassification:1,MP000000000608507,pcmClassification/1/smartphonesdf.screensizesmartphone,,4,"enum,pcmClassification,1,5inches"
ram:pcmClassification:1:pcmClassification:1:smartphonesms:pcmClassification:1,MP000000000608507,pcmClassification/1/smartphonesms.ram,,4,"enum,pcmClassification,1,2gb"
widthproduct:pcmClassification:1:pcmClassification:1:electronicsdm:pcmClassification:1,MP000000000608507,pcmClassification/1/electronicsdm.widthproduct,,3,"number,6.95"
flash:pcmClassification:1:pcmClassification:1:smartphonesca:pcmClassification:1,MP000000000608507,pcmClassification/1/smartphonesca.flash,,4,"enum,pcmClassification,1,flashyes"
memorytablet:pcmClassification:1:pcmClassification:1:smartphonesms:pcmClassification:1,MP000000000608507,pcmClassification/1/smartphonesms.memorytablet,,4,"enum,pcmClassification,1,hyphen"
additionalfeatures:pcmClassification:1:pcmClassification:1:smartphonesaf:pcmClassification:1,MP000000000608507,pcmClassification/1/smartphonesaf.additionalfeatures,,1,"string,Google Maps\, Email\, Play store"
simtype:pcmClassification:1:pcmClassification:1:simtypecc:pcmClassification:1,MP000000000608507,pcmClassification/1/simtypecc.simtype,,4,"enum,pcmClassification,1,dualsim"
camerafeatures:pcmClassification:1:pcmClassification:1:smartphonesca:pcmClassification:1,MP000000000608507,pcmClassification/1/smartphonesca.camerafeatures,,4,"enum,pcmClassification,1,camerafeatures13mpcommaautofocus"
operatingfrequency:pcmClassification:1:pcmClassification:1:smartphonestf:pcmClassification:1,MP000000000608852,pcmClassification/1/smartphonestf.operatingfrequency,,4,"enum,pcmClassification,1,operatingfrequencygsmlte"
screensizesmartphone:pcmClassification:1:pcmClassification:1:smartphonesdf:pcmClassification:1,MP000000000608852,pcmClassification/1/smartphonesdf.screensizesmartphone,,4,"enum,pcmClassification,1,5inches"
displayfeatures:pcmClassification:1:pcmClassification:1:smartphonesdf:pcmClassification:1,MP000000000608852,pcmClassification/1/smartphonesdf.displayfeatures,,1,"string,IPS Display"
simsizesmartphones:pcmClassification:1:pcmClassification:1:smartphonesgf3:pcmClassification:1,MP000000000608852,pcmClassification/1/smartphonesgf3.simsizesmartphones,,4,"enum,pcmClassification,1,simsizesmartphonesnormal"
frontcamera:pcmClassification:1:pcmClassification:1:smartphonesca:pcmClassification:1,MP000000000608852,pcmClassification/1/smartphonesca.frontcamera,,4,"enum,pcmClassification,1,frontcamera2mp"
processorsmartphone:pcmClassification:1:pcmClassification:1:smartphonesgf3:pcmClassification:1,MP000000000608852,pcmClassification/1/smartphonesgf3.processorsmartphone,,4,"enum,pcmClassification,1,processorsmartphone1ghzmt6735pcortexa53quadcoreprocessor"
videorecording:pcmClassification:1:pcmClassification:1:smartphonesca:pcmClassification:1,MP000000000608852,pcmClassification/1/smartphonesca.videorecording,,4,"enum,pcmClassification,1,1080pat30fps"
additionalfeatures:pcmClassification:1:pcmClassification:1:smartphonesaf:pcmClassification:1,MP000000000608852,pcmClassification/1/smartphonesaf.additionalfeatures,,1,"string,Sensors: Accelerometer\, proximity"
multimedia:pcmClassification:1:pcmClassification:1:smartphonesmm:pcmClassification:1,MP000000000608852,pcmClassification/1/smartphonesmm.multimedia,,4,"enum,pcmClassification,1,yeshdplayback"
widthproduct:pcmClassification:1:pcmClassification:1:electronicsdm:pcmClassification:1,MP000000000608852,pcmClassification/1/electronicsdm.widthproduct,,3,"number,7.18"
uniquething:pcmClassification:1:pcmClassification:1:electronicsaf:pcmClassification:1,MP000000000608852,pcmClassification/1/electronicsaf.uniquething,,1,"string,VoLTE Support"
modelnumber:pcmClassification:1:pcmClassification:1:electronicsmodelnumber:pcmClassification:1,MP000000000608852,pcmClassification/1/electronicsmodelnumber.modelnumber,,1,"string,X38 2GB"
feature2:pcmClassification:1:pcmClassification:1:electronicsfeature1:pcmClassification:1,MP000000000608852,pcmClassification/1/electronicsfeature1.feature2,,1,"string,Screen Size: 5.0 inches\, 1280 x 720 pixels"
colorfreetextelectronics:pcmClassification:1:pcmClassification:1:electronicscolorfreetext:pcmClassification:1,MP000000000608852,pcmClassification/1/electronicscolorfreetext.colorfreetextelectronics,,1,"string,Blue"
depthproduct:pcmClassification:1:pcmClassification:1:electronicsdm:pcmClassification:1,MP000000000608852,pcmClassification/1/electronicsdm.depthproduct,,3,"number,0.89"
heightproduct:pcmClassification:1:pcmClassification:1:electronicsdm:pcmClassification:1,MP000000000608852,pcmClassification/1/electronicsdm.heightproduct,,3,"number,15.5"
feature4:pcmClassification:1:pcmClassification:1:electronicsfeature3:pcmClassification:1,MP000000000608852,pcmClassification/1/electronicsfeature3.feature4,,1,"string,Battery Capacity: 4000 mAh"
weight:pcmClassification:1:pcmClassification:1:electronicsdm:pcmClassification:1,MP000000000608852,pcmClassification/1/electronicsdm.weight,,3,"number,158"
performancefeatures:pcmClassification:1:pcmClassification:1:electronicstf:pcmClassification:1,MP000000000608852,pcmClassification/1/electronicstf.performancefeatures,,1,"string,This Lava phone works on 1 GHz Quad Core Processor and TDD40 chipset."
memorytablet:pcmClassification:1:pcmClassification:1:smartphonesms:pcmClassification:1,MP000000000608852,pcmClassification/1/smartphonesms.memorytablet,,4,"enum,pcmClassification,1,hyphen"
feature3:pcmClassification:1:pcmClassification:1:electronicsfeature2:pcmClassification:1,MP000000000608852,pcmClassification/1/electronicsfeature2.feature3,,1,"string,8 MP Rear & 2 MP Front Camera"
warrantysummary:pcmClassification:1:pcmClassification:1:electronicswa:pcmClassification:1,MP000000000608852,pcmClassification/1/electronicswa.warrantysummary,,1,"string,6 Months warranty for in the box accessories"
colorelectronics:pcmClassification:1:pcmClassification:1:smartphonesgf:pcmClassification:1,MP000000000608852,pcmClassification/1/smartphonesgf.colorelectronics,,4,"enum,pcmClassification,1,blue"
operatingsystemsmartphones:pcmClassification:1:pcmClassification:1:smartphonesgf3:pcmClassification:1,MP000000000608852,pcmClassification/1/smartphonesgf3.operatingsystemsmartphones,,4,"enum,pcmClassification,1,operatingsystemsmartphonesandroidv60marshmallow"
connectivityfeatures:pcmClassification:1:pcmClassification:1:smartphonestf:pcmClassification:1,MP000000000608852,pcmClassification/1/smartphonestf.connectivityfeatures,,1,"string,4G"
primarycamera:pcmClassification:1:pcmClassification:1:smartphonesca:pcmClassification:1,MP000000000608852,pcmClassification/1/smartphonesca.primarycamera,,4,"enum,pcmClassification,1,8mp"
connectivitysmartphone:pcmClassification:1:pcmClassification:1:smartphonesaf:pcmClassification:1,MP000000000608852,pcmClassification/1/smartphonesaf.connectivitysmartphone,,4,"enum,pcmClassification,1,4g"
inthebox:pcmClassification:1:pcmClassification:1:electronicsinthebox:pcmClassification:1,MP000000000608852,pcmClassification/1/electronicsinthebox.inthebox,,1,"string,Main Unit\, Accessories"
flash:pcmClassification:1:pcmClassification:1:smartphonesca:pcmClassification:1,MP000000000608852,pcmClassification/1/smartphonesca.flash,,4,"enum,pcmClassification,1,ledflash"
warrantydescription:pcmClassification:1:pcmClassification:1:electronicswa:pcmClassification:1,MP000000000608852,pcmClassification/1/electronicswa.warrantydescription,,1,"string,1 Year manufacturer warranty on the product"
memorysmartphone:pcmClassification:1:pcmClassification:1:smartphonesms:pcmClassification:1,MP000000000608852,pcmClassification/1/smartphonesms.memorysmartphone,,4,"enum,pcmClassification,1,memorysmartphone8gb"
feature1:pcmClassification:1:pcmClassification:1:electronicsdepthproduct:pcmClassification:1,MP000000000608852,pcmClassification/1/electronicsdepthproduct.feature1,,1,"string,1 GB RAM and 8 GB ROM (Expandable upto 32GB)"
simtype:pcmClassification:1:pcmClassification:1:simtypecc:pcmClassification:1,MP000000000608852,pcmClassification/1/simtypecc.simtype,,4,"enum,pcmClassification,1,dualsim"
camerafeatures:pcmClassification:1:pcmClassification:1:smartphonesca:pcmClassification:1,MP000000000608852,pcmClassification/1/smartphonesca.camerafeatures,,4,"enum,pcmClassification,1,camerafeaturesledflash"
ram:pcmClassification:1:pcmClassification:1:smartphonesms:pcmClassification:1,MP000000000608852,pcmClassification/1/smartphonesms.ram,,4,"enum,pcmClassification,1,2gb"
additionalfeatures:pcmClassification:1:pcmClassification:1:smartphonesaf:pcmClassification:1,MP000000000625757,pcmClassification/1/smartphonesaf.additionalfeatures,,1,"string,Outlook Emails\, Google Search\, Play Store"
connectivityfeatures:pcmClassification:1:pcmClassification:1:smartphonestf:pcmClassification:1,MP000000000625757,pcmClassification/1/smartphonestf.connectivityfeatures,,1,"string,Bluetooth"
memorysmartphone:pcmClassification:1:pcmClassification:1:smartphonesms:pcmClassification:1,MP000000000625757,pcmClassification/1/smartphonesms.memorysmartphone,,4,"enum,pcmClassification,1,memorysmartphone16gb"
operatingsystemsmartphones:pcmClassification:1:pcmClassification:1:smartphonesgf3:pcmClassification:1,MP000000000625757,pcmClassification/1/smartphonesgf3.operatingsystemsmartphones,,4,"enum,pcmClassification,1,android5d0lollipop"
colorfreetextelectronics:pcmClassification:1:pcmClassification:1:electronicscolorfreetext:pcmClassification:1,MP000000000625757,pcmClassification/1/electronicscolorfreetext.colorfreetextelectronics,,1,"string,Black"
frontcamera:pcmClassification:1:pcmClassification:1:smartphonesca:pcmClassification:1,MP000000000625757,pcmClassification/1/smartphonesca.frontcamera,,4,"enum,pcmClassification,1,frontcamera5mp"
primarycamera:pcmClassification:1:pcmClassification:1:smartphonesca:pcmClassification:1,MP000000000625757,pcmClassification/1/smartphonesca.primarycamera,,4,"enum,pcmClassification,1,13mp"
processorsmartphone:pcmClassification:1:pcmClassification:1:smartphonesgf3:pcmClassification:1,MP000000000625757,pcmClassification/1/smartphonesgf3.processorsmartphone,,4,"enum,pcmClassification,1,processorsmartphone13ghzquadcore"
performancefeatures:pcmClassification:1:pcmClassification:1:electronicstf:pcmClassification:1,MP000000000625757,pcmClassification/1/electronicstf.performancefeatures,,1,"string,1.3GHz Quad-Core Processor"
connectivitysmartphone:pcmClassification:1:pcmClassification:1:smartphonesaf:pcmClassification:1,MP000000000625757,pcmClassification/1/smartphonesaf.connectivitysmartphone,,4,"enum,pcmClassification,1,4g"
screensizesmartphone:pcmClassification:1:pcmClassification:1:smartphonesdf:pcmClassification:1,MP000000000625757,pcmClassification/1/smartphonesdf.screensizesmartphone,,4,"enum,pcmClassification,1,5inches"
simtype:pcmClassification:1:pcmClassification:1:simtypecc:pcmClassification:1,MP000000000625757,pcmClassification/1/simtypecc.simtype,,4,"enum,pcmClassification,1,dualsim"
feature1:pcmClassification:1:pcmClassification:1:electronicsdepthproduct:pcmClassification:1,MP000000000625757,pcmClassification/1/electronicsdepthproduct.feature1,,1,"string,2 GB RAM and Expandable Memory Upto 32 GB"
heightproduct:pcmClassification:1:pcmClassification:1:electronicsdm:pcmClassification:1,MP000000000625757,pcmClassification/1/electronicsdm.heightproduct,,3,"number,14"
widthproduct:pcmClassification:1:pcmClassification:1:electronicsdm:pcmClassification:1,MP000000000625757,pcmClassification/1/electronicsdm.widthproduct,,3,"number,7.1"
camerafeatures:pcmClassification:1:pcmClassification:1:smartphonesca:pcmClassification:1,MP000000000625757,pcmClassification/1/smartphonesca.camerafeatures,,4,"enum,pcmClassification,1,camerafeatures13mpcommaautofocus"
feature3:pcmClassification:1:pcmClassification:1:electronicsfeature2:pcmClassification:1,MP000000000625757,pcmClassification/1/electronicsfeature2.feature3,,1,"string,13 MP Primary and 5 MP Secondary Camera"
memorytablet:pcmClassification:1:pcmClassification:1:smartphonesms:pcmClassification:1,MP000000000625757,pcmClassification/1/smartphonesms.memorytablet,,4,"enum,pcmClassification,1,hyphen"
uniquething:pcmClassification:1:pcmClassification:1:electronicsaf:pcmClassification:1,MP000000000625757,pcmClassification/1/electronicsaf.uniquething,,1,"string,Breakage Resistant"
ram:pcmClassification:1:pcmClassification:1:smartphonesms:pcmClassification:1,MP000000000625757,pcmClassification/1/smartphonesms.ram,,4,"enum,pcmClassification,1,2gb"
displayfeatures:pcmClassification:1:pcmClassification:1:smartphonesdf:pcmClassification:1,MP000000000625757,pcmClassification/1/smartphonesdf.displayfeatures,,1,"string,HD display with 1280 X 720 pixel resolution"
feature2:pcmClassification:1:pcmClassification:1:electronicsfeature1:pcmClassification:1,MP000000000625757,pcmClassification/1/electronicsfeature1.feature2,,1,"string,1280 X 720 pixel Display Resolution"
flash:pcmClassification:1:pcmClassification:1:smartphonesca:pcmClassification:1,MP000000000625757,pcmClassification/1/smartphonesca.flash,,4,"enum,pcmClassification,1,flashyes"
depthproduct:pcmClassification:1:pcmClassification:1:electronicsdm:pcmClassification:1,MP000000000625757,pcmClassification/1/electronicsdm.depthproduct,,3,"number,0.945"
modelnumber:pcmClassification:1:pcmClassification:1:electronicsmodelnumber:pcmClassification:1,MP000000000625757,pcmClassification/1/electronicsmodelnumber.modelnumber,,1,"string,Intex Cloud 4G star"
simsizesmartphones:pcmClassification:1:pcmClassification:1:smartphonesgf3:pcmClassification:1,MP000000000625757,pcmClassification/1/smartphonesgf3.simsizesmartphones,,4,"enum,pcmClassification,1,1micro1normal"
warrantydescription:pcmClassification:1:pcmClassification:1:electronicswa:pcmClassification:1,MP000000000625757,pcmClassification/1/electronicswa.warrantydescription,,1,"string,1 Year"
feature4:pcmClassification:1:pcmClassification:1:electronicsfeature3:pcmClassification:1,MP000000000625757,pcmClassification/1/electronicsfeature3.feature4,,1,"string,2300 mAh Li-Polymer battery"
warrantysummary:pcmClassification:1:pcmClassification:1:electronicswa:pcmClassification:1,MP000000000625757,pcmClassification/1/electronicswa.warrantysummary,,1,"string,Manufacturer Warranty"
colorelectronics:pcmClassification:1:pcmClassification:1:smartphonesgf:pcmClassification:1,MP000000000625757,pcmClassification/1/smartphonesgf.colorelectronics,,4,"enum,pcmClassification,1,black"
multimedia:pcmClassification:1:pcmClassification:1:smartphonesmm:pcmClassification:1,MP000000000625757,pcmClassification/1/smartphonesmm.multimedia,,4,"enum,pcmClassification,1,yes"
videorecording:pcmClassification:1:pcmClassification:1:smartphonesca:pcmClassification:1,MP000000000625757,pcmClassification/1/smartphonesca.videorecording,,4,"enum,pcmClassification,1,videorecordingyes"
operatingfrequency:pcmClassification:1:pcmClassification:1:smartphonestf:pcmClassification:1,MP000000000625757,pcmClassification/1/smartphonestf.operatingfrequency,,4,"enum,pcmClassification,1,hyphen"
feature3:pcmClassification:1:pcmClassification:1:electronicsfeature2:pcmClassification:1,MP000000000625768,pcmClassification/1/electronicsfeature2.feature3,,1,"string,13 MP Primary Camera\, 5 MP Secondary Camera"
depthproduct:pcmClassification:1:pcmClassification:1:electronicsdm:pcmClassification:1,MP000000000625768,pcmClassification/1/electronicsdm.depthproduct,,3,"number,1.055"
memorysmartphone:pcmClassification:1:pcmClassification:1:smartphonesms:pcmClassification:1,MP000000000625768,pcmClassification/1/smartphonesms.memorysmartphone,,4,"enum,pcmClassification,1,memorysmartphone16gbexpandableupto64gb"
primarycamera:pcmClassification:1:pcmClassification:1:smartphonesca:pcmClassification:1,MP000000000625768,pcmClassification/1/smartphonesca.primarycamera,,4,"enum,pcmClassification,1,13mp"
connectivitysmartphone:pcmClassification:1:pcmClassification:1:smartphonesaf:pcmClassification:1,MP000000000625768,pcmClassification/1/smartphonesaf.connectivitysmartphone,,4,"enum,pcmClassification,1,microusb"
memorytablet:pcmClassification:1:pcmClassification:1:smartphonesms:pcmClassification:1,MP000000000625768,pcmClassification/1/smartphonesms.memorytablet,,4,"enum,pcmClassification,1,hyphen"
ram:pcmClassification:1:pcmClassification:1:smartphonesms:pcmClassification:1,MP000000000625768,pcmClassification/1/smartphonesms.ram,,4,"enum,pcmClassification,1,2gb"
heightproduct:pcmClassification:1:pcmClassification:1:electronicsdm:pcmClassification:1,MP000000000625768,pcmClassification/1/electronicsdm.heightproduct,,3,"number,15.6"
additionalfeatures:pcmClassification:1:pcmClassification:1:smartphonesaf:pcmClassification:1,MP000000000625768,pcmClassification/1/smartphonesaf.additionalfeatures,,1,"string,Accelerometer\, eCompass\, Proximity Sensor"
feature1:pcmClassification:1:pcmClassification:1:electronicsdepthproduct:pcmClassification:1,MP000000000625768,pcmClassification/1/electronicsdepthproduct.feature1,,1,"string,2 GB RAM and 16 GB ROM"
feature2:pcmClassification:1:pcmClassification:1:electronicsfeature1:pcmClassification:1,MP000000000625768,pcmClassification/1/electronicsfeature1.feature2,,1,"string,Screen Size: 5.5 inches"
warrantysummary:pcmClassification:1:pcmClassification:1:electronicswa:pcmClassification:1,MP000000000625768,pcmClassification/1/electronicswa.warrantysummary,,1,"string,1 Year Manufacturer Warranty on Device"
displayfeatures:pcmClassification:1:pcmClassification:1:smartphonesdf:pcmClassification:1,MP000000000625768,pcmClassification/1/smartphonesdf.displayfeatures,,1,"string,HD IPS Display Lamination technolog"
screensizesmartphone:pcmClassification:1:pcmClassification:1:smartphonesdf:pcmClassification:1,MP000000000625768,pcmClassification/1/smartphonesdf.screensizesmartphone,,4,"enum,pcmClassification,1,5d5inches"
simtype:pcmClassification:1:pcmClassification:1:simtypecc:pcmClassification:1,MP000000000625768,pcmClassification/1/simtypecc.simtype,,4,"enum,pcmClassification,1,dualsim"
connectivityfeatures:pcmClassification:1:pcmClassification:1:smartphonestf:pcmClassification:1,MP000000000625768,pcmClassification/1/smartphonestf.connectivityfeatures,,1,"string,4G LTE\, 3G\, 2G\, Wi-Fi\, Bluetooth"
operatingfrequency:pcmClassification:1:pcmClassification:1:smartphonestf:pcmClassification:1,MP000000000625768,pcmClassification/1/smartphonestf.operatingfrequency,,4,"enum,pcmClassification,1,gsm85090018001900semicwcdma900"
performancefeatures:pcmClassification:1:pcmClassification:1:electronicstf:pcmClassification:1,MP000000000625768,pcmClassification/1/electronicstf.performancefeatures,,1,"string,Qualcomm Snapdragon 410"
processorsmartphone:pcmClassification:1:pcmClassification:1:smartphonesgf3:pcmClassification:1,MP000000000625768,pcmClassification/1/smartphonesgf3.processorsmartphone,,4,"enum,pcmClassification,1,processorsmartphonequadhyphencore1p2ghzcortexhyphena53"
camerafeatures:pcmClassification:1:pcmClassification:1:smartphonesca:pcmClassification:1,MP000000000625768,pcmClassification/1/smartphonesca.camerafeatures,,4,"enum,pcmClassification,1,camerafeatures13mpcommafslash2p0commalaserautofocus"
widthproduct:pcmClassification:1:pcmClassification:1:electronicsdm:pcmClassification:1,MP000000000625768,pcmClassification/1/electronicsdm.widthproduct,,3,"number,7.75"
warrantydescription:pcmClassification:1:pcmClassification:1:electronicswa:pcmClassification:1,MP000000000625768,pcmClassification/1/electronicswa.warrantydescription,,1,"string,6 Months Warranty on Box Accessories"
colorfreetextelectronics:pcmClassification:1:pcmClassification:1:electronicscolorfreetext:pcmClassification:1,MP000000000625768,pcmClassification/1/electronicscolorfreetext.colorfreetextelectronics,,1,"string,White"
flash:pcmClassification:1:pcmClassification:1:smartphonesca:pcmClassification:1,MP000000000625768,pcmClassification/1/smartphonesca.flash,,4,"enum,pcmClassification,1,dualledflash"
multimedia:pcmClassification:1:pcmClassification:1:smartphonesmm:pcmClassification:1,MP000000000625768,pcmClassification/1/smartphonesmm.multimedia,,4,"enum,pcmClassification,1,yes"
operatingsystemsmartphones:pcmClassification:1:pcmClassification:1:smartphonesgf3:pcmClassification:1,MP000000000625768,pcmClassification/1/smartphonesgf3.operatingsystemsmartphones,,4,"enum,pcmClassification,1,operatingsystemsmartphonesandroid6marshmallow"
frontcamera:pcmClassification:1:pcmClassification:1:smartphonesca:pcmClassification:1,MP000000000625768,pcmClassification/1/smartphonesca.frontcamera,,4,"enum,pcmClassification,1,frontcamera5mp"
weight:pcmClassification:1:pcmClassification:1:electronicsdm:pcmClassification:1,MP000000000625768,pcmClassification/1/electronicsdm.weight,,3,"number,202"
feature4:pcmClassification:1:pcmClassification:1:electronicsfeature3:pcmClassification:1,MP000000000625768,pcmClassification/1/electronicsfeature3.feature4,,1,"string,Battery: 5000 mAh Li-Polymer"
uniquething:pcmClassification:1:pcmClassification:1:electronicsaf:pcmClassification:1,MP000000000625768,pcmClassification/1/electronicsaf.uniquething,,1,"string,Ambient Sensor"
videorecording:pcmClassification:1:pcmClassification:1:smartphonesca:pcmClassification:1,MP000000000625768,pcmClassification/1/smartphonesca.videorecording,,4,"enum,pcmClassification,1,1080pat30fps480pat120fps"
simsizesmartphones:pcmClassification:1:pcmClassification:1:smartphonesgf3:pcmClassification:1,MP000000000625768,pcmClassification/1/smartphonesgf3.simsizesmartphones,,4,"enum,pcmClassification,1,micro"
colorelectronics:pcmClassification:1:pcmClassification:1:smartphonesgf:pcmClassification:1,MP000000000625768,pcmClassification/1/smartphonesgf.colorelectronics,,4,"enum,pcmClassification,1,white"
modelnumber:pcmClassification:1:pcmClassification:1:electronicsmodelnumber:pcmClassification:1,MP000000000625768,pcmClassification/1/electronicsmodelnumber.modelnumber,,1,"string,ZC550KL1B113IN"
memorysmartphone:pcmClassification:1:pcmClassification:1:smartphonesms:pcmClassification:1,MP000000000637070,pcmClassification/1/smartphonesms.memorysmartphone,,4,"enum,pcmClassification,1,memorysmartphone16gb"
frontcamera:pcmClassification:1:pcmClassification:1:smartphonesca:pcmClassification:1,MP000000000637070,pcmClassification/1/smartphonesca.frontcamera,,4,"enum,pcmClassification,1,frontcamera2mp"
camerafeatures:pcmClassification:1:pcmClassification:1:smartphonesca:pcmClassification:1,MP000000000637070,pcmClassification/1/smartphonesca.camerafeatures,,4,"enum,pcmClassification,1,camerafeaturesgeotaggingtouchfocusfacedetection"
memorytablet:pcmClassification:1:pcmClassification:1:smartphonesms:pcmClassification:1,MP000000000637070,pcmClassification/1/smartphonesms.memorytablet,,4,"enum,pcmClassification,1,hyphen"
modelnumber:pcmClassification:1:pcmClassification:1:electronicsmodelnumber:pcmClassification:1,MP000000000637070,pcmClassification/1/electronicsmodelnumber.modelnumber,,1,"string,A7700"
additionalfeatures:pcmClassification:1:pcmClassification:1:smartphonesaf:pcmClassification:1,MP000000000637070,pcmClassification/1/smartphonesaf.additionalfeatures,,1,"string,Maps\, Hangouts Google\, Play Music\, Play Movies"
operatingsystemsmartphones:pcmClassification:1:pcmClassification:1:smartphonesgf3:pcmClassification:1,MP000000000637070,pcmClassification/1/smartphonesgf3.operatingsystemsmartphones,,4,"enum,pcmClassification,1,operatingsystemsmartphonesandroid60marshmallow"
videorecording:pcmClassification:1:pcmClassification:1:smartphonesca:pcmClassification:1,MP000000000637070,pcmClassification/1/smartphonesca.videorecording,,4,"enum,pcmClassification,1,videorecordingyes"
colorelectronics:pcmClassification:1:pcmClassification:1:smartphonesgf:pcmClassification:1,MP000000000637070,pcmClassification/1/smartphonesgf.colorelectronics,,4,"enum,pcmClassification,1,black"
colorfreetextelectronics:pcmClassification:1:pcmClassification:1:electronicscolorfreetext:pcmClassification:1,MP000000000637070,pcmClassification/1/electronicscolorfreetext.colorfreetextelectronics,,1,"string,Matte Black"
ram:pcmClassification:1:pcmClassification:1:smartphonesms:pcmClassification:1,MP000000000637070,pcmClassification/1/smartphonesms.ram,,4,"enum,pcmClassification,1,2gb"
widthproduct:pcmClassification:1:pcmClassification:1:electronicsdm:pcmClassification:1,MP000000000637070,pcmClassification/1/electronicsdm.widthproduct,,3,"number,76.2"
multimedia:pcmClassification:1:pcmClassification:1:smartphonesmm:pcmClassification:1,MP000000000637070,pcmClassification/1/smartphonesmm.multimedia,,4,"enum,pcmClassification,1,yes"
connectivitysmartphone:pcmClassification:1:pcmClassification:1:smartphonesaf:pcmClassification:1,MP000000000637070,pcmClassification/1/smartphonesaf.connectivitysmartphone,,4,"enum,pcmClassification,1,4g"
simsizesmartphones:pcmClassification:1:pcmClassification:1:smartphonesgf3:pcmClassification:1,MP000000000637070,pcmClassification/1/smartphonesgf3.simsizesmartphones,,4,"enum,pcmClassification,1,micro"
warrantysummary:pcmClassification:1:pcmClassification:1:electronicswa:pcmClassification:1,MP000000000637070,pcmClassification/1/electronicswa.warrantysummary,,1,"string,Manufacturer Warranty"
feature4:pcmClassification:1:pcmClassification:1:electronicsfeature3:pcmClassification:1,MP000000000637070,pcmClassification/1/electronicsfeature3.feature4,,1,"string,2900 mAh Battery (Talk Time Up to 24 Hrs)"
flash:pcmClassification:1:pcmClassification:1:smartphonesca:pcmClassification:1,MP000000000637070,pcmClassification/1/smartphonesca.flash,,4,"enum,pcmClassification,1,dualledflash"
operatingfrequency:pcmClassification:1:pcmClassification:1:smartphonestf:pcmClassification:1,MP000000000637070,pcmClassification/1/smartphonestf.operatingfrequency,,4,"enum,pcmClassification,1,operatingfrequencygsmhspaltegprsedge"
processorsmartphone:pcmClassification:1:pcmClassification:1:smartphonesgf3:pcmClassification:1,MP000000000637070,pcmClassification/1/smartphonesgf3.processorsmartphone,,4,"enum,pcmClassification,1,processorsmartphone1ghzcortexa53mt6735pquadcore"
warrantydescription:pcmClassification:1:pcmClassification:1:electronicswa:pcmClassification:1,MP000000000637070,pcmClassification/1/electronicswa.warrantydescription,,1,"string,1 Year"
connectivityfeatures:pcmClassification:1:pcmClassification:1:smartphonestf:pcmClassification:1,MP000000000637070,pcmClassification/1/smartphonestf.connectivityfeatures,,1,"string,LTE\, WLAN\, Bluetooth\, A-GPS"
weight:pcmClassification:1:pcmClassification:1:electronicsdm:pcmClassification:1,MP000000000637070,pcmClassification/1/electronicsdm.weight,,3,"number,155"
feature2:pcmClassification:1:pcmClassification:1:electronicsfeature1:pcmClassification:1,MP000000000637070,pcmClassification/1/electronicsfeature1.feature2,,1,"string,5.5 inch 720 x 1280 pixels (IPS HD Display)"
displayfeatures:pcmClassification:1:pcmClassification:1:smartphonesdf:pcmClassification:1,MP000000000637070,pcmClassification/1/smartphonesdf.displayfeatures,,1,"string,720 x 1280 268 PPI\, IPS 16M colors Display"
feature1:pcmClassification:1:pcmClassification:1:electronicsdepthproduct:pcmClassification:1,MP000000000637070,pcmClassification/1/electronicsdepthproduct.feature1,,1,"string,2 GB RAM and 16 GB ROM(Expandable upto 32GB)"
performancefeatures:pcmClassification:1:pcmClassification:1:electronicstf:pcmClassification:1,MP000000000637070,pcmClassification/1/electronicstf.performancefeatures,,1,"string,64-bit quad-coreMT6735P\, 4*A53 1.0 GHz Processor"
seriesname:pcmClassification:1:pcmClassification:1:electronicsseriesname:pcmClassification:1,MP000000000637070,pcmClassification/1/electronicsseriesname.seriesname,,1,"string,A Series"
simtype:pcmClassification:1:pcmClassification:1:simtypecc:pcmClassification:1,MP000000000637070,pcmClassification/1/simtypecc.simtype,,4,"enum,pcmClassification,1,dualsimgsmlte1"
depthproduct:pcmClassification:1:pcmClassification:1:electronicsdm:pcmClassification:1,MP000000000637070,pcmClassification/1/electronicsdm.depthproduct,,3,"number,0.85"
screensizesmartphone:pcmClassification:1:pcmClassification:1:smartphonesdf:pcmClassification:1,MP000000000637070,pcmClassification/1/smartphonesdf.screensizesmartphone,,4,"enum,pcmClassification,1,5d5inches"
heightproduct:pcmClassification:1:pcmClassification:1:electronicsdm:pcmClassification:1,MP000000000637070,pcmClassification/1/electronicsdm.heightproduct,,3,"number,15.2"
feature3:pcmClassification:1:pcmClassification:1:electronicsfeature2:pcmClassification:1,MP000000000637070,pcmClassification/1/electronicsfeature2.feature3,,1,"string,8 MP Rear & 2 MP Front Camera"
inthebox:pcmClassification:1:pcmClassification:1:electronicsinthebox:pcmClassification:1,MP000000000637070,pcmClassification/1/electronicsinthebox.inthebox,,1,"string,Main Unit"
primarycamera:pcmClassification:1:pcmClassification:1:smartphonesca:pcmClassification:1,MP000000000637070,pcmClassification/1/smartphonesca.primarycamera,,4,"enum,pcmClassification,1,8mp"
operatingfrequency:pcmClassification:1:pcmClassification:1:smartphonestf:pcmClassification:1,MP000000000637079,pcmClassification/1/smartphonestf.operatingfrequency,,4,"enum,pcmClassification,1,operatingfrequencygsmlte"
memorysmartphone:pcmClassification:1:pcmClassification:1:smartphonesms:pcmClassification:1,MP000000000637079,pcmClassification/1/smartphonesms.memorysmartphone,,4,"enum,pcmClassification,1,memorysmartphone8gb"
depthproduct:pcmClassification:1:pcmClassification:1:electronicsdm:pcmClassification:1,MP000000000637079,pcmClassification/1/electronicsdm.depthproduct,,3,"number,1.15"
warrantysummary:pcmClassification:1:pcmClassification:1:electronicswa:pcmClassification:1,MP000000000637079,pcmClassification/1/electronicswa.warrantysummary,,1,"string,6 Months warranty for in the box accessories"
additionalfeatures:pcmClassification:1:pcmClassification:1:smartphonesaf:pcmClassification:1,MP000000000637079,pcmClassification/1/smartphonesaf.additionalfeatures,,1,"string,Face Detection\, Smile Shutter\, Burst Mode"
simsizesmartphones:pcmClassification:1:pcmClassification:1:smartphonesgf3:pcmClassification:1,MP000000000637079,pcmClassification/1/smartphonesgf3.simsizesmartphones,,4,"enum,pcmClassification,1,standardandmicro"
feature1:pcmClassification:1:pcmClassification:1:electronicsdepthproduct:pcmClassification:1,MP000000000637079,pcmClassification/1/electronicsdepthproduct.feature1,,1,"string,1 GB RAM and 8 GB ROM (Expandable upto 32 GB)"
operatingsystemsmartphones:pcmClassification:1:pcmClassification:1:smartphonesgf3:pcmClassification:1,MP000000000637079,pcmClassification/1/smartphonesgf3.operatingsystemsmartphones,,4,"enum,pcmClassification,1,operatingsystemsmartphonesandroid51lollipop"
flash:pcmClassification:1:pcmClassification:1:smartphonesca:pcmClassification:1,MP000000000637079,pcmClassification/1/smartphonesca.flash,,4,"enum,pcmClassification,1,led"
uniquething:pcmClassification:1:pcmClassification:1:electronicsaf:pcmClassification:1,MP000000000637079,pcmClassification/1/electronicsaf.uniquething,,1,"string,Proximity Sensor"
connectivityfeatures:pcmClassification:1:pcmClassification:1:smartphonestf:pcmClassification:1,MP000000000637079,pcmClassification/1/smartphonestf.connectivityfeatures,,1,"string,Wi-Fi/ Bluetooth/ 4G/ 3G/ 2G"
screensizesmartphone:pcmClassification:1:pcmClassification:1:smartphonesdf:pcmClassification:1,MP000000000637079,pcmClassification/1/smartphonesdf.screensizesmartphone,,4,"enum,pcmClassification,1,4inches"
inthebox:pcmClassification:1:pcmClassification:1:electronicsinthebox:pcmClassification:1,MP000000000637079,pcmClassification/1/electronicsinthebox.inthebox,,1,"string,Main Unit\, Removable battery\, Earphone\, Charger Adaptor\, Micro USB Cable\, Quick Service Guide\, Warranty card"
primarycamera:pcmClassification:1:pcmClassification:1:smartphonesca:pcmClassification:1,MP000000000637079,pcmClassification/1/smartphonesca.primarycamera,,4,"enum,pcmClassification,1,5mp"
colorfreetextelectronics:pcmClassification:1:pcmClassification:1:electronicscolorfreetext:pcmClassification:1,MP000000000637079,pcmClassification/1/electronicscolorfreetext.colorfreetextelectronics,,1,"string,Black"
multimedia:pcmClassification:1:pcmClassification:1:smartphonesmm:pcmClassification:1,MP000000000637079,pcmClassification/1/smartphonesmm.multimedia,,4,"enum,pcmClassification,1,yeshdplayback"
modelnumber:pcmClassification:1:pcmClassification:1:electronicsmodelnumber:pcmClassification:1,MP000000000637079,pcmClassification/1/electronicsmodelnumber.modelnumber,,1,"string,FLAME 7S"
processorsmartphone:pcmClassification:1:pcmClassification:1:smartphonesgf3:pcmClassification:1,MP000000000637079,pcmClassification/1/smartphonesgf3.processorsmartphone,,4,"enum,pcmClassification,1,processorsmartphone15ghzquadcore"
feature4:pcmClassification:1:pcmClassification:1:electronicsfeature3:pcmClassification:1,MP000000000637079,pcmClassification/1/electronicsfeature3.feature4,,1,"string,Battery Capacity: 1800 mAh"
frontcamera:pcmClassification:1:pcmClassification:1:smartphonesca:pcmClassification:1,MP000000000637079,pcmClassification/1/smartphonesca.frontcamera,,4,"enum,pcmClassification,1,frontcamera0p3mp"
simtype:pcmClassification:1:pcmClassification:1:simtypecc:pcmClassification:1,MP000000000637079,pcmClassification/1/simtypecc.simtype,,4,"enum,pcmClassification,1,dualsim"
connectivitysmartphone:pcmClassification:1:pcmClassification:1:smartphonesaf:pcmClassification:1,MP000000000637079,pcmClassification/1/smartphonesaf.connectivitysmartphone,,4,"enum,pcmClassification,1,4g"
warrantydescription:pcmClassification:1:pcmClassification:1:electronicswa:pcmClassification:1,MP000000000637079,pcmClassification/1/electronicswa.warrantydescription,,1,"string,1 Year manufacturer warranty on product"
memorytablet:pcmClassification:1:pcmClassification:1:smartphonesms:pcmClassification:1,MP000000000637079,pcmClassification/1/smartphonesms.memorytablet,,4,"enum,pcmClassification,1,hyphen"
camerafeatures:pcmClassification:1:pcmClassification:1:smartphonesca:pcmClassification:1,MP000000000637079,pcmClassification/1/smartphonesca.camerafeatures,,4,"enum,pcmClassification,1,camerafeaturesflashsupporthdrpanorama"
feature3:pcmClassification:1:pcmClassification:1:electronicsfeature2:pcmClassification:1,MP000000000637079,pcmClassification/1/electronicsfeature2.feature3,,1,"string,5 MP Rear & 0.3 MP Front Camera"
heightproduct:pcmClassification:1:pcmClassification:1:electronicsdm:pcmClassification:1,MP000000000637079,pcmClassification/1/electronicsdm.heightproduct,,3,"number,12.56"
displayfeatures:pcmClassification:1:pcmClassification:1:smartphonesdf:pcmClassification:1,MP000000000637079,pcmClassification/1/smartphonesdf.displayfeatures,,1,"string,10.16cm (4) WVGA\, 480 x 800 pixels\, Capacitive Touchscreen\, Asahi Glass\, TN Display"
ram:pcmClassification:1:pcmClassification:1:smartphonesms:pcmClassification:1,MP000000000637079,pcmClassification/1/smartphonesms.ram,,4,"enum,pcmClassification,1,1gb"
videorecording:pcmClassification:1:pcmClassification:1:smartphonesca:pcmClassification:1,MP000000000637079,pcmClassification/1/smartphonesca.videorecording,,4,"enum,pcmClassification,1,yeshd"
weight:pcmClassification:1:pcmClassification:1:electronicsdm:pcmClassification:1,MP000000000637079,pcmClassification/1/electronicsdm.weight,,3,"number,127"
widthproduct:pcmClassification:1:pcmClassification:1:electronicsdm:pcmClassification:1,MP000000000637079,pcmClassification/1/electronicsdm.widthproduct,,3,"number,6.38"
colorelectronics:pcmClassification:1:pcmClassification:1:smartphonesgf:pcmClassification:1,MP000000000637079,pcmClassification/1/smartphonesgf.colorelectronics,,4,"enum,pcmClassification,1,black"
feature2:pcmClassification:1:pcmClassification:1:electronicsfeature1:pcmClassification:1,MP000000000637079,pcmClassification/1/electronicsfeature1.feature2,,1,"string,Screen Size: 4 inches\, 480 x 800 pixels"
performancefeatures:pcmClassification:1:pcmClassification:1:electronicstf:pcmClassification:1,MP000000000637079,pcmClassification/1/electronicstf.performancefeatures,,1,"string,This Lyf smartphone is powered by 1.5 GHz Quad-core processor and SC9830A chipset."
memorytablet:pcmClassification:1:pcmClassification:1:smartphonesms:pcmClassification:1,MP000000000637081,pcmClassification/1/smartphonesms.memorytablet,,4,"enum,pcmClassification,1,hyphen"
widthproduct:pcmClassification:1:pcmClassification:1:electronicsdm:pcmClassification:1,MP000000000637081,pcmClassification/1/electronicsdm.widthproduct,,3,"number,7.16"
connectivitysmartphone:pcmClassification:1:pcmClassification:1:smartphonesaf:pcmClassification:1,MP000000000637081,pcmClassification/1/smartphonesaf.connectivitysmartphone,,4,"enum,pcmClassification,1,4g"
videorecording:pcmClassification:1:pcmClassification:1:smartphonesca:pcmClassification:1,MP000000000637081,pcmClassification/1/smartphonesca.videorecording,,4,"enum,pcmClassification,1,videorecordingyes"
weight:pcmClassification:1:pcmClassification:1:electronicsdm:pcmClassification:1,MP000000000637081,pcmClassification/1/electronicsdm.weight,,3,"number,145"
feature3:pcmClassification:1:pcmClassification:1:electronicsfeature2:pcmClassification:1,MP000000000637081,pcmClassification/1/electronicsfeature2.feature3,,1,"string,8 MP Rear & 5 MP Front Camera"
flash:pcmClassification:1:pcmClassification:1:smartphonesca:pcmClassification:1,MP000000000637081,pcmClassification/1/smartphonesca.flash,,4,"enum,pcmClassification,1,led"
multimedia:pcmClassification:1:pcmClassification:1:smartphonesmm:pcmClassification:1,MP000000000637081,pcmClassification/1/smartphonesmm.multimedia,,4,"enum,pcmClassification,1,yeshdplayback"
processorsmartphone:pcmClassification:1:pcmClassification:1:smartphonesgf3:pcmClassification:1,MP000000000637081,pcmClassification/1/smartphonesgf3.processorsmartphone,,4,"enum,pcmClassification,1,processorsmartphone13ghzquadcore"
uniquething:pcmClassification:1:pcmClassification:1:electronicsaf:pcmClassification:1,MP000000000637081,pcmClassification/1/electronicsaf.uniquething,,1,"string,Finger Print Sensor"
displayfeatures:pcmClassification:1:pcmClassification:1:smartphonesdf:pcmClassification:1,MP000000000637081,pcmClassification/1/smartphonesdf.displayfeatures,,1,"string,12.7 cm (5) HD (1280 x 720) IPS Display 294 ppi"
inthebox:pcmClassification:1:pcmClassification:1:electronicsinthebox:pcmClassification:1,MP000000000637081,pcmClassification/1/electronicsinthebox.inthebox,,1,"string,Main Unit\, Charger\, Hands-free\, USB Cable\, User Guide\, Screen Guard"
colorelectronics:pcmClassification:1:pcmClassification:1:smartphonesgf:pcmClassification:1,MP000000000637081,pcmClassification/1/smartphonesgf.colorelectronics,,4,"enum,pcmClassification,1,gold"
memorysmartphone:pcmClassification:1:pcmClassification:1:smartphonesms:pcmClassification:1,MP000000000637081,pcmClassification/1/smartphonesms.memorysmartphone,,4,"enum,pcmClassification,1,memorysmartphone16gb"
colorfreetextelectronics:pcmClassification:1:pcmClassification:1:electronicscolorfreetext:pcmClassification:1,MP000000000637081,pcmClassification/1/electronicscolorfreetext.colorfreetextelectronics,,1,"string,Gold"
feature1:pcmClassification:1:pcmClassification:1:electronicsdepthproduct:pcmClassification:1,MP000000000637081,pcmClassification/1/electronicsdepthproduct.feature1,,1,"string,2 GB RAM and 16 GB ROM (Expandable upto 32 GB)"
warrantysummary:pcmClassification:1:pcmClassification:1:electronicswa:pcmClassification:1,MP000000000637081,pcmClassification/1/electronicswa.warrantysummary,,1,"string,6 Months warranty for in the box accessories"
performancefeatures:pcmClassification:1:pcmClassification:1:electronicstf:pcmClassification:1,MP000000000637081,pcmClassification/1/electronicstf.performancefeatures,,1,"string,This Micromax smartphone is powered by 1.3 GHz Quad-core processor and Spreadtrum SC9832 chipset."
seriesname:pcmClassification:1:pcmClassification:1:electronicsseriesname:pcmClassification:1,MP000000000637081,pcmClassification/1/electronicsseriesname.seriesname,,1,"string,Canvas"
heightproduct:pcmClassification:1:pcmClassification:1:electronicsdm:pcmClassification:1,MP000000000637081,pcmClassification/1/electronicsdm.heightproduct,,3,"number,14.35"
operatingsystemsmartphones:pcmClassification:1:pcmClassification:1:smartphonesgf3:pcmClassification:1,MP000000000637081,pcmClassification/1/smartphonesgf3.operatingsystemsmartphones,,4,"enum,pcmClassification,1,operatingsystemsmartphonesandroid51lollipop"
warrantydescription:pcmClassification:1:pcmClassification:1:electronicswa:pcmClassification:1,MP000000000637081,pcmClassification/1/electronicswa.warrantydescription,,1,"string,1 Year manufacturer warranty on product"
depthproduct:pcmClassification:1:pcmClassification:1:electronicsdm:pcmClassification:1,MP000000000637081,pcmClassification/1/electronicsdm.depthproduct,,3,"number,0.86"
feature2:pcmClassification:1:pcmClassification:1:electronicsfeature1:pcmClassification:1,MP000000000637081,pcmClassification/1/electronicsfeature1.feature2,,1,"string,Screen Size: 5 inches\, 1280 x 720 (HD)"
operatingfrequency:pcmClassification:1:pcmClassification:1:smartphonestf:pcmClassification:1,MP000000000637081,pcmClassification/1/smartphonestf.operatingfrequency,,4,"enum,pcmClassification,1,operatingfrequencygsmlte"
modelnumber:pcmClassification:1:pcmClassification:1:electronicsmodelnumber:pcmClassification:1,MP000000000637081,pcmClassification/1/electronicsmodelnumber.modelnumber,,1,"string,Unite 4 Pro Q465"
ram:pcmClassification:1:pcmClassification:1:smartphonesms:pcmClassification:1,MP000000000637081,pcmClassification/1/smartphonesms.ram,,4,"enum,pcmClassification,1,2gb"
connectivityfeatures:pcmClassification:1:pcmClassification:1:smartphonestf:pcmClassification:1,MP000000000637081,pcmClassification/1/smartphonestf.connectivityfeatures,,1,"string,Wi-Fi/ Bluetooth/ 4G/ 3G/ 2G"
camerafeatures:pcmClassification:1:pcmClassification:1:smartphonesca:pcmClassification:1,MP000000000637081,pcmClassification/1/smartphonesca.camerafeatures,,4,"enum,pcmClassification,1,camerafeaturesautofocus"
simsizesmartphones:pcmClassification:1:pcmClassification:1:smartphonesgf3:pcmClassification:1,MP000000000637081,pcmClassification/1/smartphonesgf3.simsizesmartphones,,4,"enum,pcmClassification,1,micro"
simtype:pcmClassification:1:pcmClassification:1:simtypecc:pcmClassification:1,MP000000000637081,pcmClassification/1/simtypecc.simtype,,4,"enum,pcmClassification,1,dualsim"
additionalfeatures:pcmClassification:1:pcmClassification:1:smartphonesaf:pcmClassification:1,MP000000000637081,pcmClassification/1/smartphonesaf.additionalfeatures,,1,"string,Indus launcher\, APP Bazaar"
feature4:pcmClassification:1:pcmClassification:1:electronicsfeature3:pcmClassification:1,MP000000000637081,pcmClassification/1/electronicsfeature3.feature4,,1,"string,Battery Capacity: 3900 mAh"
frontcamera:pcmClassification:1:pcmClassification:1:smartphonesca:pcmClassification:1,MP000000000637081,pcmClassification/1/smartphonesca.frontcamera,,4,"enum,pcmClassification,1,frontcamera5mp"
primarycamera:pcmClassification:1:pcmClassification:1:smartphonesca:pcmClassification:1,MP000000000637081,pcmClassification/1/smartphonesca.primarycamera,,4,"enum,pcmClassification,1,8mp"
screensizesmartphone:pcmClassification:1:pcmClassification:1:smartphonesdf:pcmClassification:1,MP000000000637081,pcmClassification/1/smartphonesdf.screensizesmartphone,,4,"enum,pcmClassification,1,5inches"
